lbr_σ,rbr_σ,th_α,nIntervals,Power,TypeI
-5.0,4.0,-3.0,4,1.0,1.0
-4.0,4.0,-3.0,4,1.0,1.0
-3.0,4.0,-3.0,4,1.0,1.0
-2.0,4.0,-3.0,4,1.0,0.983
-1.0,4.0,-3.0,4,0.98,0.217
-5.0,5.0,-3.0,4,1.0,1.0
-4.0,5.0,-3.0,4,1.0,1.0
-3.0,5.0,-3.0,4,1.0,1.0
-2.0,5.0,-3.0,4,1.0,0.9575
-1.0,5.0,-3.0,4,0.9655,0.1515
-5.0,6.0,-3.0,4,1.0,1.0
-4.0,6.0,-3.0,4,1.0,1.0
-3.0,6.0,-3.0,4,1.0,1.0
-2.0,6.0,-3.0,4,1.0,0.9195
-1.0,6.0,-3.0,4,0.9225,0.09
-5.0,7.0,-3.0,4,1.0,1.0
-4.0,7.0,-3.0,4,1.0,1.0
-3.0,7.0,-3.0,4,1.0,0.9995
-2.0,7.0,-3.0,4,1.0,0.865
-1.0,7.0,-3.0,4,0.8605,0.0675
-5.0,8.0,-3.0,4,1.0,1.0
-4.0,8.0,-3.0,4,1.0,1.0
-3.0,8.0,-3.0,4,1.0,1.0
-2.0,8.0,-3.0,4,0.9995,0.8005
-1.0,8.0,-3.0,4,0.794,0.0665
-5.0,4.0,-2.0,4,1.0,1.0
-4.0,4.0,-2.0,4,1.0,1.0
-3.0,4.0,-2.0,4,1.0,1.0
-2.0,4.0,-2.0,4,1.0,0.9465
-1.0,4.0,-2.0,4,0.947,0.0885
-5.0,5.0,-2.0,4,1.0,1.0
-4.0,5.0,-2.0,4,1.0,1.0
-3.0,5.0,-2.0,4,1.0,0.9995
-2.0,5.0,-2.0,4,0.999,0.867
-1.0,5.0,-2.0,4,0.861,0.054
-5.0,6.0,-2.0,4,1.0,1.0
-4.0,6.0,-2.0,4,1.0,1.0
-3.0,6.0,-2.0,4,1.0,0.9985
-2.0,6.0,-2.0,4,0.999,0.737
-1.0,6.0,-2.0,4,0.7225,0.0665
-5.0,7.0,-2.0,4,1.0,1.0
-4.0,7.0,-2.0,4,1.0,1.0
-3.0,7.0,-2.0,4,1.0,0.996
-2.0,7.0,-2.0,4,0.994,0.592
-1.0,7.0,-2.0,4,0.595,0.0985
-5.0,8.0,-2.0,4,1.0,1.0
-4.0,8.0,-2.0,4,1.0,1.0
-3.0,8.0,-2.0,4,1.0,0.976
-2.0,8.0,-2.0,4,0.9825,0.4475
-1.0,8.0,-2.0,4,0.4385,0.1505
-5.0,4.0,-1.0,4,1.0,1.0
-4.0,4.0,-1.0,4,1.0,1.0
-3.0,4.0,-1.0,4,1.0,0.9995
-2.0,4.0,-1.0,4,1.0,0.7095
-1.0,4.0,-1.0,4,0.7125,0.0995
-5.0,5.0,-1.0,4,1.0,1.0
-4.0,5.0,-1.0,4,1.0,1.0
-3.0,5.0,-1.0,4,1.0,0.9905
-2.0,5.0,-1.0,4,0.9895,0.3985
-1.0,5.0,-1.0,4,0.386,0.292
-5.0,6.0,-1.0,4,1.0,1.0
-4.0,6.0,-1.0,4,1.0,1.0
-3.0,6.0,-1.0,4,1.0,0.9355
-2.0,6.0,-1.0,4,0.9355,0.163
-1.0,6.0,-1.0,4,0.166,0.503
-5.0,7.0,-1.0,4,1.0,1.0
-4.0,7.0,-1.0,4,1.0,0.9965
-3.0,7.0,-1.0,4,0.9995,0.7605
-2.0,7.0,-1.0,4,0.7565,0.0645
-1.0,7.0,-1.0,4,0.06,0.7235
-5.0,8.0,-1.0,4,1.0,1.0
-4.0,8.0,-1.0,4,1.0,0.977
-3.0,8.0,-1.0,4,0.9795,0.491
-2.0,8.0,-1.0,4,0.508,0.0625
-1.0,8.0,-1.0,4,0.061,0.8495
-5.0,4.0,0.0,4,1.0,1.0
-4.0,4.0,0.0,4,1.0,1.0
-3.0,4.0,0.0,4,1.0,0.9095
-2.0,4.0,0.0,4,0.918,0.057
-1.0,4.0,0.0,4,0.05,0.91
-5.0,5.0,0.0,4,1.0,1.0
-4.0,5.0,0.0,4,1.0,0.992
-3.0,5.0,0.0,4,0.995,0.322
-2.0,5.0,0.0,4,0.3305,0.3055
-1.0,5.0,0.0,4,0.312,0.9945
-5.0,6.0,0.0,4,1.0,1.0
-4.0,6.0,0.0,4,1.0,0.789
-3.0,6.0,0.0,4,0.7815,0.0515
-2.0,6.0,0.0,4,0.048,0.7785
-1.0,6.0,0.0,4,0.783,1.0
-5.0,7.0,0.0,4,1.0,0.9655
-4.0,7.0,0.0,4,0.972,0.2445
-3.0,7.0,0.0,4,0.2535,0.24
-2.0,7.0,0.0,4,0.2555,0.962
-1.0,7.0,0.0,4,0.971,1.0
-5.0,8.0,0.0,4,0.9965,0.621
-4.0,8.0,0.0,4,0.6515,0.052
-3.0,8.0,0.0,4,0.0455,0.643
-2.0,8.0,0.0,4,0.6325,0.9965
-1.0,8.0,0.0,4,0.9995,1.0
-5.0,4.0,1.0,4,1.0,1.0
-4.0,4.0,1.0,4,1.0,0.983
-3.0,4.0,1.0,4,0.9775,0.1015
-2.0,4.0,1.0,4,0.107,0.71
-1.0,4.0,1.0,4,0.7155,1.0
-5.0,5.0,1.0,4,1.0,0.9945
-4.0,5.0,1.0,4,0.996,0.287
-3.0,5.0,1.0,4,0.284,0.4165
-2.0,5.0,1.0,4,0.4085,0.995
-1.0,5.0,1.0,4,0.9965,1.0
-5.0,6.0,1.0,4,0.9995,0.5325
-4.0,6.0,1.0,4,0.5155,0.1615
-3.0,6.0,1.0,4,0.1495,0.9405
-2.0,6.0,1.0,4,0.938,1.0
-1.0,6.0,1.0,4,1.0,1.0
-5.0,7.0,1.0,4,0.7065,0.0585
-4.0,7.0,1.0,4,0.05,0.7625
-3.0,7.0,1.0,4,0.7695,0.998
-2.0,7.0,1.0,4,0.997,1.0
-1.0,7.0,1.0,4,1.0,1.0
-5.0,8.0,1.0,4,0.054,0.5255
-4.0,8.0,1.0,4,0.5035,0.979
-3.0,8.0,1.0,4,0.9765,1.0
-2.0,8.0,1.0,4,1.0,1.0
-1.0,8.0,1.0,4,1.0,1.0
-5.0,4.0,2.0,4,1.0,1.0
-4.0,4.0,2.0,4,1.0,0.829
-3.0,4.0,2.0,4,0.84,0.0865
-2.0,4.0,2.0,4,0.085,0.9425
-1.0,4.0,2.0,4,0.9475,1.0
-5.0,5.0,2.0,4,1.0,0.9115
-4.0,5.0,2.0,4,0.9125,0.056
-3.0,5.0,2.0,4,0.053,0.866
-2.0,5.0,2.0,4,0.8665,0.9995
-1.0,5.0,2.0,4,1.0,1.0
-5.0,6.0,2.0,4,0.955,0.0625
-4.0,6.0,2.0,4,0.0575,0.721
-3.0,6.0,2.0,4,0.7395,0.999
-2.0,6.0,2.0,4,0.9995,1.0
-1.0,6.0,2.0,4,1.0,1.0
-5.0,7.0,2.0,4,0.0985,0.584
-4.0,7.0,2.0,4,0.5855,0.9945
-3.0,7.0,2.0,4,0.995,1.0
-2.0,7.0,2.0,4,1.0,1.0
-1.0,7.0,2.0,4,1.0,1.0
-5.0,8.0,2.0,4,0.452,0.9855
-4.0,8.0,2.0,4,0.9825,1.0
-3.0,8.0,2.0,4,1.0,1.0
-2.0,8.0,2.0,4,1.0,1.0
-1.0,8.0,2.0,4,1.0,1.0
-5.0,4.0,3.0,4,1.0,1.0
-4.0,4.0,3.0,4,1.0,0.626
-3.0,4.0,3.0,4,0.634,0.212
-2.0,4.0,3.0,4,0.2175,0.975
-1.0,4.0,3.0,4,0.9835,1.0
-5.0,5.0,3.0,4,1.0,0.7425
-4.0,5.0,3.0,4,0.731,0.1305
-3.0,5.0,3.0,4,0.147,0.9675
-2.0,5.0,3.0,4,0.9635,1.0
-1.0,5.0,3.0,4,1.0,1.0
-5.0,6.0,3.0,4,0.809,0.0875
-4.0,6.0,3.0,4,0.091,0.925
-3.0,6.0,3.0,4,0.93,1.0
-2.0,6.0,3.0,4,1.0,1.0
-1.0,6.0,3.0,4,1.0,1.0
-5.0,7.0,3.0,4,0.0725,0.8705
-4.0,7.0,3.0,4,0.8695,0.9995
-3.0,7.0,3.0,4,1.0,1.0
-2.0,7.0,3.0,4,1.0,1.0
-1.0,7.0,3.0,4,1.0,1.0
-5.0,8.0,3.0,4,0.8075,0.999
-4.0,8.0,3.0,4,0.9995,1.0
-3.0,8.0,3.0,4,1.0,1.0
-2.0,8.0,3.0,4,1.0,1.0
-1.0,8.0,3.0,4,1.0,1.0
-5.0,4.0,-3.0,5,1.0,1.0
-4.0,4.0,-3.0,5,1.0,1.0
-3.0,4.0,-3.0,5,1.0,1.0
-2.0,4.0,-3.0,5,1.0,0.9835
-1.0,4.0,-3.0,5,0.986,0.237
-5.0,5.0,-3.0,5,1.0,1.0
-4.0,5.0,-3.0,5,1.0,1.0
-3.0,5.0,-3.0,5,1.0,1.0
-2.0,5.0,-3.0,5,1.0,0.9635
-1.0,5.0,-3.0,5,0.969,0.137
-5.0,6.0,-3.0,5,1.0,1.0
-4.0,6.0,-3.0,5,1.0,1.0
-3.0,6.0,-3.0,5,1.0,1.0
-2.0,6.0,-3.0,5,1.0,0.927
-1.0,6.0,-3.0,5,0.937,0.1025
-5.0,7.0,-3.0,5,1.0,1.0
-4.0,7.0,-3.0,5,1.0,1.0
-3.0,7.0,-3.0,5,1.0,1.0
-2.0,7.0,-3.0,5,0.9995,0.878
-1.0,7.0,-3.0,5,0.8785,0.079
-5.0,8.0,-3.0,5,1.0,1.0
-4.0,8.0,-3.0,5,1.0,1.0
-3.0,8.0,-3.0,5,1.0,1.0
-2.0,8.0,-3.0,5,0.997,0.8045
-1.0,8.0,-3.0,5,0.846,0.0585
-5.0,4.0,-2.0,5,1.0,1.0
-4.0,4.0,-2.0,5,1.0,1.0
-3.0,4.0,-2.0,5,1.0,1.0
-2.0,4.0,-2.0,5,1.0,0.9545
-1.0,4.0,-2.0,5,0.955,0.106
-5.0,5.0,-2.0,5,1.0,1.0
-4.0,5.0,-2.0,5,1.0,1.0
-3.0,5.0,-2.0,5,1.0,0.9995
-2.0,5.0,-2.0,5,1.0,0.874
-1.0,5.0,-2.0,5,0.874,0.055
-5.0,6.0,-2.0,5,1.0,1.0
-4.0,6.0,-2.0,5,1.0,1.0
-3.0,6.0,-2.0,5,1.0,1.0
-2.0,6.0,-2.0,5,0.9995,0.761
-1.0,6.0,-2.0,5,0.7485,0.0645
-5.0,7.0,-2.0,5,1.0,1.0
-4.0,7.0,-2.0,5,1.0,1.0
-3.0,7.0,-2.0,5,1.0,0.996
-2.0,7.0,-2.0,5,0.9945,0.6045
-1.0,7.0,-2.0,5,0.6195,0.0875
-5.0,8.0,-2.0,5,1.0,1.0
-4.0,8.0,-2.0,5,1.0,1.0
-3.0,8.0,-2.0,5,1.0,0.987
-2.0,8.0,-2.0,5,0.984,0.452
-1.0,8.0,-2.0,5,0.4765,0.158
-5.0,4.0,-1.0,5,1.0,1.0
-4.0,4.0,-1.0,5,1.0,1.0
-3.0,4.0,-1.0,5,1.0,0.9995
-2.0,4.0,-1.0,5,1.0,0.724
-1.0,4.0,-1.0,5,0.724,0.114
-5.0,5.0,-1.0,5,1.0,1.0
-4.0,5.0,-1.0,5,1.0,1.0
-3.0,5.0,-1.0,5,1.0,0.9925
-2.0,5.0,-1.0,5,0.994,0.4035
-1.0,5.0,-1.0,5,0.397,0.2915
-5.0,6.0,-1.0,5,1.0,1.0
-4.0,6.0,-1.0,5,1.0,1.0
-3.0,6.0,-1.0,5,1.0,0.9365
-2.0,6.0,-1.0,5,0.9515,0.1445
-1.0,6.0,-1.0,5,0.16,0.5055
-5.0,7.0,-1.0,5,1.0,1.0
-4.0,7.0,-1.0,5,1.0,0.9985
-3.0,7.0,-1.0,5,0.9985,0.795
-2.0,7.0,-1.0,5,0.774,0.059
-1.0,7.0,-1.0,5,0.0555,0.71
-5.0,8.0,-1.0,5,1.0,1.0
-4.0,8.0,-1.0,5,1.0,0.9895
-3.0,8.0,-1.0,5,0.9845,0.5225
-2.0,8.0,-1.0,5,0.511,0.0545
-1.0,8.0,-1.0,5,0.062,0.849
-5.0,4.0,0.0,5,1.0,1.0
-4.0,4.0,0.0,5,1.0,1.0
-3.0,4.0,0.0,5,1.0,0.9235
-2.0,4.0,0.0,5,0.923,0.0485
-1.0,4.0,0.0,5,0.0485,0.9095
-5.0,5.0,0.0,5,1.0,1.0
-4.0,5.0,0.0,5,1.0,0.996
-3.0,5.0,0.0,5,0.996,0.3285
-2.0,5.0,0.0,5,0.343,0.3345
-1.0,5.0,0.0,5,0.3525,0.995
-5.0,6.0,0.0,5,1.0,0.9995
-4.0,6.0,0.0,5,1.0,0.8145
-3.0,6.0,0.0,5,0.795,0.05
-2.0,6.0,0.0,5,0.054,0.7935
-1.0,6.0,0.0,5,0.771,1.0
-5.0,7.0,0.0,5,1.0,0.9625
-4.0,7.0,0.0,5,0.9805,0.2495
-3.0,7.0,0.0,5,0.257,0.253
-2.0,7.0,0.0,5,0.2525,0.9675
-1.0,7.0,0.0,5,0.975,1.0
-5.0,8.0,0.0,5,0.9985,0.66
-4.0,8.0,0.0,5,0.653,0.0515
-3.0,8.0,0.0,5,0.055,0.65
-2.0,8.0,0.0,5,0.6385,0.996
-1.0,8.0,0.0,5,0.995,1.0
-5.0,4.0,1.0,5,1.0,1.0
-4.0,4.0,1.0,5,1.0,0.9815
-3.0,4.0,1.0,5,0.9845,0.1105
-2.0,4.0,1.0,5,0.1125,0.7395
-1.0,4.0,1.0,5,0.7265,1.0
-5.0,5.0,1.0,5,1.0,0.9955
-4.0,5.0,1.0,5,0.9965,0.2735
-3.0,5.0,1.0,5,0.2735,0.3825
-2.0,5.0,1.0,5,0.415,0.994
-1.0,5.0,1.0,5,0.9945,1.0
-5.0,6.0,1.0,5,0.9995,0.516
-4.0,6.0,1.0,5,0.5095,0.1725
-3.0,6.0,1.0,5,0.172,0.947
-2.0,6.0,1.0,5,0.9385,1.0
-1.0,6.0,1.0,5,1.0,1.0
-5.0,7.0,1.0,5,0.7105,0.0625
-4.0,7.0,1.0,5,0.0565,0.7975
-3.0,7.0,1.0,5,0.7885,0.999
-2.0,7.0,1.0,5,0.998,1.0
-1.0,7.0,1.0,5,1.0,1.0
-5.0,8.0,1.0,5,0.058,0.529
-4.0,8.0,1.0,5,0.5185,0.986
-3.0,8.0,1.0,5,0.9855,1.0
-2.0,8.0,1.0,5,1.0,1.0
-1.0,8.0,1.0,5,1.0,1.0
-5.0,4.0,2.0,5,1.0,1.0
-4.0,4.0,2.0,5,1.0,0.836
-3.0,4.0,2.0,5,0.8365,0.0955
-2.0,4.0,2.0,5,0.0855,0.9605
-1.0,4.0,2.0,5,0.9415,1.0
-5.0,5.0,2.0,5,1.0,0.917
-4.0,5.0,2.0,5,0.91,0.053
-3.0,5.0,2.0,5,0.0575,0.8715
-2.0,5.0,2.0,5,0.866,0.9995
-1.0,5.0,2.0,5,1.0,1.0
-5.0,6.0,2.0,5,0.949,0.061
-4.0,6.0,2.0,5,0.0645,0.75
-3.0,6.0,2.0,5,0.748,1.0
-2.0,6.0,2.0,5,1.0,1.0
-1.0,6.0,2.0,5,1.0,1.0
-5.0,7.0,2.0,5,0.0945,0.6205
-4.0,7.0,2.0,5,0.61,0.995
-3.0,7.0,2.0,5,0.9975,1.0
-2.0,7.0,2.0,5,1.0,1.0
-1.0,7.0,2.0,5,1.0,1.0
-5.0,8.0,2.0,5,0.461,0.9855
-4.0,8.0,2.0,5,0.986,1.0
-3.0,8.0,2.0,5,1.0,1.0
-2.0,8.0,2.0,5,1.0,1.0
-1.0,8.0,2.0,5,1.0,1.0
-5.0,4.0,3.0,5,1.0,1.0
-4.0,4.0,3.0,5,1.0,0.6255
-3.0,4.0,3.0,5,0.6285,0.2295
-2.0,4.0,3.0,5,0.219,0.986
-1.0,4.0,3.0,5,0.982,1.0
-5.0,5.0,3.0,5,0.9995,0.708
-4.0,5.0,3.0,5,0.728,0.1425
-3.0,5.0,3.0,5,0.164,0.9695
-2.0,5.0,3.0,5,0.9675,1.0
-1.0,5.0,3.0,5,1.0,1.0
-5.0,6.0,3.0,5,0.8045,0.089
-4.0,6.0,3.0,5,0.099,0.9325
-3.0,6.0,3.0,5,0.923,1.0
-2.0,6.0,3.0,5,1.0,1.0
-1.0,6.0,3.0,5,1.0,1.0
-5.0,7.0,3.0,5,0.0675,0.8835
-4.0,7.0,3.0,5,0.8815,1.0
-3.0,7.0,3.0,5,1.0,1.0
-2.0,7.0,3.0,5,1.0,1.0
-1.0,7.0,3.0,5,1.0,1.0
-5.0,8.0,3.0,5,0.848,0.9985
-4.0,8.0,3.0,5,0.9985,1.0
-3.0,8.0,3.0,5,1.0,1.0
-2.0,8.0,3.0,5,1.0,1.0
-1.0,8.0,3.0,5,1.0,1.0
-5.0,4.0,-3.0,6,1.0,1.0
-4.0,4.0,-3.0,6,1.0,1.0
-3.0,4.0,-3.0,6,1.0,1.0
-2.0,4.0,-3.0,6,1.0,0.9845
-1.0,4.0,-3.0,6,0.9865,0.242
-5.0,5.0,-3.0,6,1.0,1.0
-4.0,5.0,-3.0,6,1.0,1.0
-3.0,5.0,-3.0,6,1.0,1.0
-2.0,5.0,-3.0,6,1.0,0.974
-1.0,5.0,-3.0,6,0.973,0.1645
-5.0,6.0,-3.0,6,1.0,1.0
-4.0,6.0,-3.0,6,1.0,1.0
-3.0,6.0,-3.0,6,1.0,1.0
-2.0,6.0,-3.0,6,1.0,0.935
-1.0,6.0,-3.0,6,0.93,0.106
-5.0,7.0,-3.0,6,1.0,1.0
-4.0,7.0,-3.0,6,1.0,1.0
-3.0,7.0,-3.0,6,1.0,0.999
-2.0,7.0,-3.0,6,1.0,0.884
-1.0,7.0,-3.0,6,0.8985,0.0775
-5.0,8.0,-3.0,6,1.0,1.0
-4.0,8.0,-3.0,6,1.0,1.0
-3.0,8.0,-3.0,6,1.0,0.9995
-2.0,8.0,-3.0,6,0.9995,0.8275
-1.0,8.0,-3.0,6,0.845,0.0645
-5.0,4.0,-2.0,6,1.0,1.0
-4.0,4.0,-2.0,6,1.0,1.0
-3.0,4.0,-2.0,6,1.0,1.0
-2.0,4.0,-2.0,6,1.0,0.949
-1.0,4.0,-2.0,6,0.9525,0.095
-5.0,5.0,-2.0,6,1.0,1.0
-4.0,5.0,-2.0,6,1.0,1.0
-3.0,5.0,-2.0,6,1.0,1.0
-2.0,5.0,-2.0,6,1.0,0.878
-1.0,5.0,-2.0,6,0.894,0.057
-5.0,6.0,-2.0,6,1.0,1.0
-4.0,6.0,-2.0,6,1.0,1.0
-3.0,6.0,-2.0,6,1.0,0.9995
-2.0,6.0,-2.0,6,0.9995,0.7605
-1.0,6.0,-2.0,6,0.7575,0.0585
-5.0,7.0,-2.0,6,1.0,1.0
-4.0,7.0,-2.0,6,1.0,1.0
-3.0,7.0,-2.0,6,1.0,0.994
-2.0,7.0,-2.0,6,0.996,0.607
-1.0,7.0,-2.0,6,0.623,0.093
-5.0,8.0,-2.0,6,1.0,1.0
-4.0,8.0,-2.0,6,1.0,1.0
-3.0,8.0,-2.0,6,0.9995,0.986
-2.0,8.0,-2.0,6,0.9865,0.4605
-1.0,8.0,-2.0,6,0.466,0.151
-5.0,4.0,-1.0,6,1.0,1.0
-4.0,4.0,-1.0,6,1.0,1.0
-3.0,4.0,-1.0,6,1.0,0.9995
-2.0,4.0,-1.0,6,1.0,0.747
-1.0,4.0,-1.0,6,0.732,0.102
-5.0,5.0,-1.0,6,1.0,1.0
-4.0,5.0,-1.0,6,1.0,1.0
-3.0,5.0,-1.0,6,1.0,0.9955
-2.0,5.0,-1.0,6,0.997,0.3815
-1.0,5.0,-1.0,6,0.4045,0.2805
-5.0,6.0,-1.0,6,1.0,1.0
-4.0,6.0,-1.0,6,1.0,1.0
-3.0,6.0,-1.0,6,1.0,0.9545
-2.0,6.0,-1.0,6,0.9475,0.17
-1.0,6.0,-1.0,6,0.1505,0.5285
-5.0,7.0,-1.0,6,1.0,1.0
-4.0,7.0,-1.0,6,1.0,0.999
-3.0,7.0,-1.0,6,1.0,0.798
-2.0,7.0,-1.0,6,0.772,0.06
-1.0,7.0,-1.0,6,0.052,0.724
-5.0,8.0,-1.0,6,1.0,1.0
-4.0,8.0,-1.0,6,1.0,0.984
-3.0,8.0,-1.0,6,0.9855,0.537
-2.0,8.0,-1.0,6,0.5345,0.059
-1.0,8.0,-1.0,6,0.057,0.8525
-5.0,4.0,0.0,6,1.0,1.0
-4.0,4.0,0.0,6,1.0,1.0
-3.0,4.0,0.0,6,1.0,0.9105
-2.0,4.0,0.0,6,0.9155,0.0505
-1.0,4.0,0.0,6,0.041,0.9165
-5.0,5.0,0.0,6,1.0,1.0
-4.0,5.0,0.0,6,1.0,0.995
-3.0,5.0,0.0,6,0.9955,0.3415
-2.0,5.0,0.0,6,0.353,0.347
-1.0,5.0,0.0,6,0.328,0.995
-5.0,6.0,0.0,6,1.0,1.0
-4.0,6.0,0.0,6,1.0,0.811
-3.0,6.0,0.0,6,0.8145,0.041
-2.0,6.0,0.0,6,0.0535,0.8035
-1.0,6.0,0.0,6,0.8,1.0
-5.0,7.0,0.0,6,1.0,0.97
-4.0,7.0,0.0,6,0.9725,0.257
-3.0,7.0,0.0,6,0.2375,0.259
-2.0,7.0,0.0,6,0.254,0.972
-1.0,7.0,0.0,6,0.975,1.0
-5.0,8.0,0.0,6,0.9985,0.67
-4.0,8.0,0.0,6,0.684,0.0565
-3.0,8.0,0.0,6,0.0435,0.6615
-2.0,8.0,0.0,6,0.67,0.996
-1.0,8.0,0.0,6,0.9965,1.0
-5.0,4.0,1.0,6,1.0,1.0
-4.0,4.0,1.0,6,1.0,0.9845
-3.0,4.0,1.0,6,0.983,0.099
-2.0,4.0,1.0,6,0.0955,0.7415
-1.0,4.0,1.0,6,0.7305,1.0
-5.0,5.0,1.0,6,1.0,0.9965
-4.0,5.0,1.0,6,0.997,0.275
-3.0,5.0,1.0,6,0.2865,0.416
-2.0,5.0,1.0,6,0.4225,0.996
-1.0,5.0,1.0,6,0.995,1.0
-5.0,6.0,1.0,6,0.9995,0.5155
-4.0,6.0,1.0,6,0.5125,0.1625
-3.0,6.0,1.0,6,0.1625,0.961
-2.0,6.0,1.0,6,0.942,1.0
-1.0,6.0,1.0,6,1.0,1.0
-5.0,7.0,1.0,6,0.728,0.0575
-4.0,7.0,1.0,6,0.0645,0.799
-3.0,7.0,1.0,6,0.796,0.999
-2.0,7.0,1.0,6,1.0,1.0
-1.0,7.0,1.0,6,1.0,1.0
-5.0,8.0,1.0,6,0.059,0.543
-4.0,8.0,1.0,6,0.534,0.987
-3.0,8.0,1.0,6,0.9825,1.0
-2.0,8.0,1.0,6,1.0,1.0
-1.0,8.0,1.0,6,1.0,1.0
-5.0,4.0,2.0,6,1.0,1.0
-4.0,4.0,2.0,6,1.0,0.828
-3.0,4.0,2.0,6,0.8305,0.0825
-2.0,4.0,2.0,6,0.091,0.955
-1.0,4.0,2.0,6,0.958,1.0
-5.0,5.0,2.0,6,1.0,0.9005
-4.0,5.0,2.0,6,0.908,0.0585
-3.0,5.0,2.0,6,0.0555,0.8895
-2.0,5.0,2.0,6,0.8725,1.0
-1.0,5.0,2.0,6,1.0,1.0
-5.0,6.0,2.0,6,0.954,0.059
-4.0,6.0,2.0,6,0.0665,0.744
-3.0,6.0,2.0,6,0.773,0.9995
-2.0,6.0,2.0,6,0.999,1.0
-1.0,6.0,2.0,6,1.0,1.0
-5.0,7.0,2.0,6,0.092,0.619
-4.0,7.0,2.0,6,0.6245,0.9965
-3.0,7.0,2.0,6,0.996,1.0
-2.0,7.0,2.0,6,1.0,1.0
-1.0,7.0,2.0,6,1.0,1.0
-5.0,8.0,2.0,6,0.4595,0.989
-4.0,8.0,2.0,6,0.98,1.0
-3.0,8.0,2.0,6,1.0,1.0
-2.0,8.0,2.0,6,1.0,1.0
-1.0,8.0,2.0,6,1.0,1.0
-5.0,4.0,3.0,6,1.0,1.0
-4.0,4.0,3.0,6,0.9995,0.626
-3.0,4.0,3.0,6,0.608,0.235
-2.0,4.0,3.0,6,0.2405,0.9855
-1.0,4.0,3.0,6,0.986,1.0
-5.0,5.0,3.0,6,1.0,0.7135
-4.0,5.0,3.0,6,0.7045,0.1505
-3.0,5.0,3.0,6,0.1445,0.9635
-2.0,5.0,3.0,6,0.969,1.0
-1.0,5.0,3.0,6,1.0,1.0
-5.0,6.0,3.0,6,0.7805,0.0925
-4.0,6.0,3.0,6,0.096,0.939
-3.0,6.0,3.0,6,0.9355,1.0
-2.0,6.0,3.0,6,0.9995,1.0
-1.0,6.0,3.0,6,1.0,1.0
-5.0,7.0,3.0,6,0.069,0.9065
-4.0,7.0,3.0,6,0.902,1.0
-3.0,7.0,3.0,6,1.0,1.0
-2.0,7.0,3.0,6,1.0,1.0
-1.0,7.0,3.0,6,1.0,1.0
-5.0,8.0,3.0,6,0.851,0.999
-4.0,8.0,3.0,6,0.9995,1.0
-3.0,8.0,3.0,6,1.0,1.0
-2.0,8.0,3.0,6,1.0,1.0
-1.0,8.0,3.0,6,1.0,1.0
-5.0,4.0,-3.0,7,1.0,1.0
-4.0,4.0,-3.0,7,1.0,1.0
-3.0,4.0,-3.0,7,1.0,1.0
-2.0,4.0,-3.0,7,1.0,0.9885
-1.0,4.0,-3.0,7,0.989,0.2505
-5.0,5.0,-3.0,7,1.0,1.0
-4.0,5.0,-3.0,7,1.0,1.0
-3.0,5.0,-3.0,7,1.0,1.0
-2.0,5.0,-3.0,7,1.0,0.965
-1.0,5.0,-3.0,7,0.97,0.144
-5.0,6.0,-3.0,7,1.0,1.0
-4.0,6.0,-3.0,7,1.0,1.0
-3.0,6.0,-3.0,7,1.0,1.0
-2.0,6.0,-3.0,7,1.0,0.941
-1.0,6.0,-3.0,7,0.9375,0.1115
-5.0,7.0,-3.0,7,1.0,1.0
-4.0,7.0,-3.0,7,1.0,1.0
-3.0,7.0,-3.0,7,1.0,0.9995
-2.0,7.0,-3.0,7,0.9995,0.902
-1.0,7.0,-3.0,7,0.906,0.077
-5.0,8.0,-3.0,7,1.0,1.0
-4.0,8.0,-3.0,7,1.0,1.0
-3.0,8.0,-3.0,7,1.0,1.0
-2.0,8.0,-3.0,7,1.0,0.843
-1.0,8.0,-3.0,7,0.8445,0.057
-5.0,4.0,-2.0,7,1.0,1.0
-4.0,4.0,-2.0,7,1.0,1.0
-3.0,4.0,-2.0,7,1.0,1.0
-2.0,4.0,-2.0,7,1.0,0.951
-1.0,4.0,-2.0,7,0.957,0.088
-5.0,5.0,-2.0,7,1.0,1.0
-4.0,5.0,-2.0,7,1.0,1.0
-3.0,5.0,-2.0,7,1.0,1.0
-2.0,5.0,-2.0,7,1.0,0.89
-1.0,5.0,-2.0,7,0.8855,0.0505
-5.0,6.0,-2.0,7,1.0,1.0
-4.0,6.0,-2.0,7,1.0,1.0
-3.0,6.0,-2.0,7,1.0,0.999
-2.0,6.0,-2.0,7,0.999,0.7695
-1.0,6.0,-2.0,7,0.7655,0.0615
-5.0,7.0,-2.0,7,1.0,1.0
-4.0,7.0,-2.0,7,1.0,1.0
-3.0,7.0,-2.0,7,1.0,0.999
-2.0,7.0,-2.0,7,0.995,0.638
-1.0,7.0,-2.0,7,0.6235,0.086
-5.0,8.0,-2.0,7,1.0,1.0
-4.0,8.0,-2.0,7,1.0,1.0
-3.0,8.0,-2.0,7,1.0,0.983
-2.0,8.0,-2.0,7,0.9875,0.477
-1.0,8.0,-2.0,7,0.4895,0.1405
-5.0,4.0,-1.0,7,1.0,1.0
-4.0,4.0,-1.0,7,1.0,1.0
-3.0,4.0,-1.0,7,1.0,1.0
-2.0,4.0,-1.0,7,1.0,0.75
-1.0,4.0,-1.0,7,0.7465,0.099
-5.0,5.0,-1.0,7,1.0,1.0
-4.0,5.0,-1.0,7,1.0,1.0
-3.0,5.0,-1.0,7,1.0,0.997
-2.0,5.0,-1.0,7,0.997,0.426
-1.0,5.0,-1.0,7,0.416,0.2915
-5.0,6.0,-1.0,7,1.0,1.0
-4.0,6.0,-1.0,7,1.0,1.0
-3.0,6.0,-1.0,7,1.0,0.955
-2.0,6.0,-1.0,7,0.948,0.162
-1.0,6.0,-1.0,7,0.1705,0.526
-5.0,7.0,-1.0,7,1.0,1.0
-4.0,7.0,-1.0,7,1.0,0.999
-3.0,7.0,-1.0,7,0.9995,0.7915
-2.0,7.0,-1.0,7,0.812,0.073
-1.0,7.0,-1.0,7,0.0575,0.723
-5.0,8.0,-1.0,7,1.0,1.0
-4.0,8.0,-1.0,7,1.0,0.987
-3.0,8.0,-1.0,7,0.989,0.5465
-2.0,8.0,-1.0,7,0.5415,0.0755
-1.0,8.0,-1.0,7,0.0635,0.862
-5.0,4.0,0.0,7,1.0,1.0
-4.0,4.0,0.0,7,1.0,1.0
-3.0,4.0,0.0,7,1.0,0.922
-2.0,4.0,0.0,7,0.9165,0.056
-1.0,4.0,0.0,7,0.051,0.923
-5.0,5.0,0.0,7,1.0,1.0
-4.0,5.0,0.0,7,1.0,0.996
-3.0,5.0,0.0,7,0.994,0.3435
-2.0,5.0,0.0,7,0.3405,0.353
-1.0,5.0,0.0,7,0.3575,0.997
-5.0,6.0,0.0,7,1.0,1.0
-4.0,6.0,0.0,7,1.0,0.809
-3.0,6.0,0.0,7,0.807,0.048
-2.0,6.0,0.0,7,0.049,0.8095
-1.0,6.0,0.0,7,0.806,0.9995
-5.0,7.0,0.0,7,1.0,0.9755
-4.0,7.0,0.0,7,0.974,0.254
-3.0,7.0,0.0,7,0.2445,0.237
-2.0,7.0,0.0,7,0.2565,0.9775
-1.0,7.0,0.0,7,0.9765,1.0
-5.0,8.0,0.0,7,0.9955,0.6675
-4.0,8.0,0.0,7,0.6775,0.0435
-3.0,8.0,0.0,7,0.0485,0.6755
-2.0,8.0,0.0,7,0.667,0.996
-1.0,8.0,0.0,7,0.9995,1.0
-5.0,4.0,1.0,7,1.0,1.0
-4.0,4.0,1.0,7,1.0,0.9845
-3.0,4.0,1.0,7,0.986,0.0965
-2.0,4.0,1.0,7,0.1045,0.7475
-1.0,4.0,1.0,7,0.7455,1.0
-5.0,5.0,1.0,7,1.0,0.996
-4.0,5.0,1.0,7,0.9955,0.2885
-3.0,5.0,1.0,7,0.2815,0.413
-2.0,5.0,1.0,7,0.4135,0.995
-1.0,5.0,1.0,7,0.993,1.0
-5.0,6.0,1.0,7,1.0,0.526
-4.0,6.0,1.0,7,0.5415,0.1565
-3.0,6.0,1.0,7,0.1685,0.9555
-2.0,6.0,1.0,7,0.9505,1.0
-1.0,6.0,1.0,7,1.0,1.0
-5.0,7.0,1.0,7,0.7175,0.0695
-4.0,7.0,1.0,7,0.055,0.813
-3.0,7.0,1.0,7,0.8105,1.0
-2.0,7.0,1.0,7,0.999,1.0
-1.0,7.0,1.0,7,1.0,1.0
-5.0,8.0,1.0,7,0.0605,0.5465
-4.0,8.0,1.0,7,0.5525,0.99
-3.0,8.0,1.0,7,0.988,1.0
-2.0,8.0,1.0,7,1.0,1.0
-1.0,8.0,1.0,7,1.0,1.0
-5.0,4.0,2.0,7,1.0,1.0
-4.0,4.0,2.0,7,1.0,0.821
-3.0,4.0,2.0,7,0.824,0.098
-2.0,4.0,2.0,7,0.093,0.9575
-1.0,4.0,2.0,7,0.9655,1.0
-5.0,5.0,2.0,7,1.0,0.904
-4.0,5.0,2.0,7,0.915,0.056
-3.0,5.0,2.0,7,0.052,0.8805
-2.0,5.0,2.0,7,0.8735,1.0
-1.0,5.0,2.0,7,1.0,1.0
-5.0,6.0,2.0,7,0.9575,0.05
-4.0,6.0,2.0,7,0.0665,0.746
-3.0,6.0,2.0,7,0.7685,0.9995
-2.0,6.0,2.0,7,0.9995,1.0
-1.0,6.0,2.0,7,1.0,1.0
-5.0,7.0,2.0,7,0.0935,0.649
-4.0,7.0,2.0,7,0.6105,0.9975
-3.0,7.0,2.0,7,0.9945,1.0
-2.0,7.0,2.0,7,1.0,1.0
-1.0,7.0,2.0,7,1.0,1.0
-5.0,8.0,2.0,7,0.4885,0.9845
-4.0,8.0,2.0,7,0.9855,1.0
-3.0,8.0,2.0,7,1.0,1.0
-2.0,8.0,2.0,7,1.0,1.0
-1.0,8.0,2.0,7,1.0,1.0
-5.0,4.0,3.0,7,1.0,1.0
-4.0,4.0,3.0,7,1.0,0.595
-3.0,4.0,3.0,7,0.605,0.247
-2.0,4.0,3.0,7,0.243,0.991
-1.0,4.0,3.0,7,0.986,1.0
-5.0,5.0,3.0,7,1.0,0.718
-4.0,5.0,3.0,7,0.6975,0.1365
-3.0,5.0,3.0,7,0.1535,0.9745
-2.0,5.0,3.0,7,0.9685,1.0
-1.0,5.0,3.0,7,1.0,1.0
-5.0,6.0,3.0,7,0.7765,0.106
-4.0,6.0,3.0,7,0.11,0.939
-3.0,6.0,3.0,7,0.9365,1.0
-2.0,6.0,3.0,7,1.0,1.0
-1.0,6.0,3.0,7,1.0,1.0
-5.0,7.0,3.0,7,0.0805,0.912
-4.0,7.0,3.0,7,0.91,1.0
-3.0,7.0,3.0,7,0.999,1.0
-2.0,7.0,3.0,7,1.0,1.0
-1.0,7.0,3.0,7,1.0,1.0
-5.0,8.0,3.0,7,0.8445,0.9995
-4.0,8.0,3.0,7,1.0,1.0
-3.0,8.0,3.0,7,1.0,1.0
-2.0,8.0,3.0,7,1.0,1.0
-1.0,8.0,3.0,7,1.0,1.0
-5.0,4.0,-3.0,8,1.0,1.0
-4.0,4.0,-3.0,8,1.0,1.0
-3.0,4.0,-3.0,8,1.0,1.0
-2.0,4.0,-3.0,8,1.0,0.99
-1.0,4.0,-3.0,8,0.986,0.246
-5.0,5.0,-3.0,8,1.0,1.0
-4.0,5.0,-3.0,8,1.0,1.0
-3.0,5.0,-3.0,8,1.0,1.0
-2.0,5.0,-3.0,8,1.0,0.971
-1.0,5.0,-3.0,8,0.966,0.16
-5.0,6.0,-3.0,8,1.0,1.0
-4.0,6.0,-3.0,8,1.0,1.0
-3.0,6.0,-3.0,8,1.0,1.0
-2.0,6.0,-3.0,8,1.0,0.9445
-1.0,6.0,-3.0,8,0.935,0.1205
-5.0,7.0,-3.0,8,1.0,1.0
-4.0,7.0,-3.0,8,1.0,1.0
-3.0,7.0,-3.0,8,1.0,0.9995
-2.0,7.0,-3.0,8,1.0,0.9015
-1.0,7.0,-3.0,8,0.9,0.0755
-5.0,8.0,-3.0,8,1.0,1.0
-4.0,8.0,-3.0,8,1.0,1.0
-3.0,8.0,-3.0,8,1.0,0.9995
-2.0,8.0,-3.0,8,0.998,0.841
-1.0,8.0,-3.0,8,0.8605,0.0625
-5.0,4.0,-2.0,8,1.0,1.0
-4.0,4.0,-2.0,8,1.0,1.0
-3.0,4.0,-2.0,8,1.0,1.0
-2.0,4.0,-2.0,8,1.0,0.9615
-1.0,4.0,-2.0,8,0.965,0.092
-5.0,5.0,-2.0,8,1.0,1.0
-4.0,5.0,-2.0,8,1.0,1.0
-3.0,5.0,-2.0,8,1.0,1.0
-2.0,5.0,-2.0,8,1.0,0.898
-1.0,5.0,-2.0,8,0.8785,0.0585
-5.0,6.0,-2.0,8,1.0,1.0
-4.0,6.0,-2.0,8,1.0,1.0
-3.0,6.0,-2.0,8,1.0,0.998
-2.0,6.0,-2.0,8,0.999,0.7775
-1.0,6.0,-2.0,8,0.763,0.0555
-5.0,7.0,-2.0,8,1.0,1.0
-4.0,7.0,-2.0,8,1.0,1.0
-3.0,7.0,-2.0,8,1.0,0.998
-2.0,7.0,-2.0,8,0.9975,0.6345
-1.0,7.0,-2.0,8,0.6355,0.0905
-5.0,8.0,-2.0,8,1.0,1.0
-4.0,8.0,-2.0,8,1.0,1.0
-3.0,8.0,-2.0,8,1.0,0.9915
-2.0,8.0,-2.0,8,0.9855,0.478
-1.0,8.0,-2.0,8,0.484,0.1515
-5.0,4.0,-1.0,8,1.0,1.0
-4.0,4.0,-1.0,8,1.0,1.0
-3.0,4.0,-1.0,8,1.0,1.0
-2.0,4.0,-1.0,8,1.0,0.751
-1.0,4.0,-1.0,8,0.7455,0.092
-5.0,5.0,-1.0,8,1.0,1.0
-4.0,5.0,-1.0,8,1.0,1.0
-3.0,5.0,-1.0,8,1.0,0.9945
-2.0,5.0,-1.0,8,0.996,0.4085
-1.0,5.0,-1.0,8,0.4125,0.2605
-5.0,6.0,-1.0,8,1.0,1.0
-4.0,6.0,-1.0,8,1.0,1.0
-3.0,6.0,-1.0,8,1.0,0.9595
-2.0,6.0,-1.0,8,0.958,0.16
-1.0,6.0,-1.0,8,0.1535,0.5295
-5.0,7.0,-1.0,8,1.0,1.0
-4.0,7.0,-1.0,8,1.0,1.0
-3.0,7.0,-1.0,8,0.999,0.804
-2.0,7.0,-1.0,8,0.8095,0.0615
-1.0,7.0,-1.0,8,0.0645,0.711
-5.0,8.0,-1.0,8,1.0,1.0
-4.0,8.0,-1.0,8,1.0,0.985
-3.0,8.0,-1.0,8,0.987,0.5585
-2.0,8.0,-1.0,8,0.538,0.065
-1.0,8.0,-1.0,8,0.056,0.8685
-5.0,4.0,0.0,8,1.0,1.0
-4.0,4.0,0.0,8,1.0,1.0
-3.0,4.0,0.0,8,1.0,0.913
-2.0,4.0,0.0,8,0.91,0.047
-1.0,4.0,0.0,8,0.047,0.9145
-5.0,5.0,0.0,8,1.0,1.0
-4.0,5.0,0.0,8,1.0,0.9975
-3.0,5.0,0.0,8,0.997,0.3625
-2.0,5.0,0.0,8,0.365,0.3315
-1.0,5.0,0.0,8,0.362,0.997
-5.0,6.0,0.0,8,1.0,1.0
-4.0,6.0,0.0,8,1.0,0.822
-3.0,6.0,0.0,8,0.8235,0.0465
-2.0,6.0,0.0,8,0.044,0.808
-1.0,6.0,0.0,8,0.804,1.0
-5.0,7.0,0.0,8,1.0,0.9815
-4.0,7.0,0.0,8,0.9725,0.2735
-3.0,7.0,0.0,8,0.27,0.2635
-2.0,7.0,0.0,8,0.26,0.977
-1.0,7.0,0.0,8,0.9725,1.0
-5.0,8.0,0.0,8,0.999,0.6765
-4.0,8.0,0.0,8,0.6885,0.057
-3.0,8.0,0.0,8,0.058,0.6805
-2.0,8.0,0.0,8,0.6855,0.996
-1.0,8.0,0.0,8,0.999,1.0
-5.0,4.0,1.0,8,1.0,1.0
-4.0,4.0,1.0,8,1.0,0.983
-3.0,4.0,1.0,8,0.9855,0.1025
-2.0,4.0,1.0,8,0.1035,0.764
-1.0,4.0,1.0,8,0.7545,1.0
-5.0,5.0,1.0,8,1.0,0.9955
-4.0,5.0,1.0,8,0.9995,0.265
-3.0,5.0,1.0,8,0.2855,0.4215
-2.0,5.0,1.0,8,0.419,0.998
-1.0,5.0,1.0,8,0.9985,1.0
-5.0,6.0,1.0,8,0.9995,0.5165
-4.0,6.0,1.0,8,0.515,0.159
-3.0,6.0,1.0,8,0.172,0.959
-2.0,6.0,1.0,8,0.9605,1.0
-1.0,6.0,1.0,8,1.0,1.0
-5.0,7.0,1.0,8,0.7235,0.066
-4.0,7.0,1.0,8,0.0645,0.8065
-3.0,7.0,1.0,8,0.804,0.9995
-2.0,7.0,1.0,8,0.9995,1.0
-1.0,7.0,1.0,8,1.0,1.0
-5.0,8.0,1.0,8,0.055,0.5665
-4.0,8.0,1.0,8,0.522,0.987
-3.0,8.0,1.0,8,0.9885,1.0
-2.0,8.0,1.0,8,1.0,1.0
-1.0,8.0,1.0,8,1.0,1.0
-5.0,4.0,2.0,8,1.0,1.0
-4.0,4.0,2.0,8,1.0,0.8125
-3.0,4.0,2.0,8,0.818,0.0915
-2.0,4.0,2.0,8,0.1015,0.964
-1.0,4.0,2.0,8,0.959,1.0
-5.0,5.0,2.0,8,1.0,0.911
-4.0,5.0,2.0,8,0.9065,0.0695
-3.0,5.0,2.0,8,0.0515,0.895
-2.0,5.0,2.0,8,0.9,1.0
-1.0,5.0,2.0,8,1.0,1.0
-5.0,6.0,2.0,8,0.953,0.064
-4.0,6.0,2.0,8,0.06,0.7835
-3.0,6.0,2.0,8,0.771,1.0
-2.0,6.0,2.0,8,1.0,1.0
-1.0,6.0,2.0,8,1.0,1.0
-5.0,7.0,2.0,8,0.092,0.641
-4.0,7.0,2.0,8,0.6325,0.997
-3.0,7.0,2.0,8,0.999,1.0
-2.0,7.0,2.0,8,1.0,1.0
-1.0,7.0,2.0,8,1.0,1.0
-5.0,8.0,2.0,8,0.4705,0.9895
-4.0,8.0,2.0,8,0.9875,1.0
-3.0,8.0,2.0,8,1.0,1.0
-2.0,8.0,2.0,8,1.0,1.0
-1.0,8.0,2.0,8,1.0,1.0
-5.0,4.0,3.0,8,1.0,1.0
-4.0,4.0,3.0,8,1.0,0.6045
-3.0,4.0,3.0,8,0.5755,0.2215
-2.0,4.0,3.0,8,0.251,0.989
-1.0,4.0,3.0,8,0.989,1.0
-5.0,5.0,3.0,8,1.0,0.7085
-4.0,5.0,3.0,8,0.703,0.176
-3.0,5.0,3.0,8,0.1565,0.9715
-2.0,5.0,3.0,8,0.9715,1.0
-1.0,5.0,3.0,8,1.0,1.0
-5.0,6.0,3.0,8,0.7755,0.0975
-4.0,6.0,3.0,8,0.0985,0.94
-3.0,6.0,3.0,8,0.9345,1.0
-2.0,6.0,3.0,8,1.0,1.0
-1.0,6.0,3.0,8,1.0,1.0
-5.0,7.0,3.0,8,0.079,0.907
-4.0,7.0,3.0,8,0.8925,0.9995
-3.0,7.0,3.0,8,1.0,1.0
-2.0,7.0,3.0,8,1.0,1.0
-1.0,7.0,3.0,8,1.0,1.0
-5.0,8.0,3.0,8,0.8595,0.999
-4.0,8.0,3.0,8,0.999,1.0
-3.0,8.0,3.0,8,1.0,1.0
-2.0,8.0,3.0,8,1.0,1.0
-1.0,8.0,3.0,8,1.0,1.0
-5.0,4.0,-3.0,9,1.0,1.0
-4.0,4.0,-3.0,9,1.0,1.0
-3.0,4.0,-3.0,9,1.0,1.0
-2.0,4.0,-3.0,9,1.0,0.989
-1.0,4.0,-3.0,9,0.986,0.2635
-5.0,5.0,-3.0,9,1.0,1.0
-4.0,5.0,-3.0,9,1.0,1.0
-3.0,5.0,-3.0,9,1.0,1.0
-2.0,5.0,-3.0,9,1.0,0.9715
-1.0,5.0,-3.0,9,0.9675,0.1625
-5.0,6.0,-3.0,9,1.0,1.0
-4.0,6.0,-3.0,9,1.0,1.0
-3.0,6.0,-3.0,9,1.0,1.0
-2.0,6.0,-3.0,9,1.0,0.9395
-1.0,6.0,-3.0,9,0.943,0.1085
-5.0,7.0,-3.0,9,1.0,1.0
-4.0,7.0,-3.0,9,1.0,1.0
-3.0,7.0,-3.0,9,1.0,1.0
-2.0,7.0,-3.0,9,1.0,0.898
-1.0,7.0,-3.0,9,0.9055,0.0835
-5.0,8.0,-3.0,9,1.0,1.0
-4.0,8.0,-3.0,9,1.0,1.0
-3.0,8.0,-3.0,9,1.0,0.9985
-2.0,8.0,-3.0,9,0.999,0.856
-1.0,8.0,-3.0,9,0.8655,0.069
-5.0,4.0,-2.0,9,1.0,1.0
-4.0,4.0,-2.0,9,1.0,1.0
-3.0,4.0,-2.0,9,1.0,1.0
-2.0,4.0,-2.0,9,1.0,0.9645
-1.0,4.0,-2.0,9,0.9595,0.102
-5.0,5.0,-2.0,9,1.0,1.0
-4.0,5.0,-2.0,9,1.0,1.0
-3.0,5.0,-2.0,9,1.0,1.0
-2.0,5.0,-2.0,9,1.0,0.894
-1.0,5.0,-2.0,9,0.8965,0.047
-5.0,6.0,-2.0,9,1.0,1.0
-4.0,6.0,-2.0,9,1.0,1.0
-3.0,6.0,-2.0,9,1.0,0.999
-2.0,6.0,-2.0,9,0.9995,0.776
-1.0,6.0,-2.0,9,0.796,0.0565
-5.0,7.0,-2.0,9,1.0,1.0
-4.0,7.0,-2.0,9,1.0,1.0
-3.0,7.0,-2.0,9,1.0,0.9965
-2.0,7.0,-2.0,9,0.9975,0.6195
-1.0,7.0,-2.0,9,0.6285,0.095
-5.0,8.0,-2.0,9,1.0,1.0
-4.0,8.0,-2.0,9,1.0,1.0
-3.0,8.0,-2.0,9,1.0,0.9915
-2.0,8.0,-2.0,9,0.99,0.4875
-1.0,8.0,-2.0,9,0.4925,0.1505
-5.0,4.0,-1.0,9,1.0,1.0
-4.0,4.0,-1.0,9,1.0,1.0
-3.0,4.0,-1.0,9,1.0,0.9995
-2.0,4.0,-1.0,9,1.0,0.743
-1.0,4.0,-1.0,9,0.737,0.098
-5.0,5.0,-1.0,9,1.0,1.0
-4.0,5.0,-1.0,9,1.0,1.0
-3.0,5.0,-1.0,9,1.0,0.9965
-2.0,5.0,-1.0,9,0.998,0.4045
-1.0,5.0,-1.0,9,0.4255,0.2935
-5.0,6.0,-1.0,9,1.0,1.0
-4.0,6.0,-1.0,9,1.0,1.0
-3.0,6.0,-1.0,9,1.0,0.948
-2.0,6.0,-1.0,9,0.9575,0.1725
-1.0,6.0,-1.0,9,0.1675,0.5185
-5.0,7.0,-1.0,9,1.0,1.0
-4.0,7.0,-1.0,9,1.0,0.9995
-3.0,7.0,-1.0,9,0.9985,0.819
-2.0,7.0,-1.0,9,0.8085,0.0575
-1.0,7.0,-1.0,9,0.051,0.7195
-5.0,8.0,-1.0,9,1.0,1.0
-4.0,8.0,-1.0,9,1.0,0.9865
-3.0,8.0,-1.0,9,0.9905,0.54
-2.0,8.0,-1.0,9,0.5615,0.069
-1.0,8.0,-1.0,9,0.07,0.8645
-5.0,4.0,0.0,9,1.0,1.0
-4.0,4.0,0.0,9,1.0,1.0
-3.0,4.0,0.0,9,1.0,0.918
-2.0,4.0,0.0,9,0.9205,0.05
-1.0,4.0,0.0,9,0.047,0.9175
-5.0,5.0,0.0,9,1.0,1.0
-4.0,5.0,0.0,9,1.0,0.998
-3.0,5.0,0.0,9,0.9965,0.339
-2.0,5.0,0.0,9,0.353,0.356
-1.0,5.0,0.0,9,0.3515,0.9955
-5.0,6.0,0.0,9,1.0,1.0
-4.0,6.0,0.0,9,1.0,0.7985
-3.0,6.0,0.0,9,0.8345,0.0495
-2.0,6.0,0.0,9,0.059,0.823
-1.0,6.0,0.0,9,0.8185,1.0
-5.0,7.0,0.0,9,1.0,0.98
-4.0,7.0,0.0,9,0.98,0.271
-3.0,7.0,0.0,9,0.2625,0.259
-2.0,7.0,0.0,9,0.271,0.985
-1.0,7.0,0.0,9,0.977,1.0
-5.0,8.0,0.0,9,0.999,0.692
-4.0,8.0,0.0,9,0.686,0.05
-3.0,8.0,0.0,9,0.052,0.684
-2.0,8.0,0.0,9,0.6835,0.9975
-1.0,8.0,0.0,9,0.998,1.0
-5.0,4.0,1.0,9,1.0,1.0
-4.0,4.0,1.0,9,1.0,0.9865
-3.0,4.0,1.0,9,0.9855,0.098
-2.0,4.0,1.0,9,0.0825,0.764
-1.0,4.0,1.0,9,0.752,0.9995
-5.0,5.0,1.0,9,1.0,0.9945
-4.0,5.0,1.0,9,0.998,0.2835
-3.0,5.0,1.0,9,0.264,0.4285
-2.0,5.0,1.0,9,0.4225,0.996
-1.0,5.0,1.0,9,0.9955,1.0
-5.0,6.0,1.0,9,1.0,0.5135
-4.0,6.0,1.0,9,0.4975,0.176
-3.0,6.0,1.0,9,0.168,0.97
-2.0,6.0,1.0,9,0.961,1.0
-1.0,6.0,1.0,9,1.0,1.0
-5.0,7.0,1.0,9,0.7395,0.06
-4.0,7.0,1.0,9,0.0555,0.8115
-3.0,7.0,1.0,9,0.8115,0.9995
-2.0,7.0,1.0,9,0.999,1.0
-1.0,7.0,1.0,9,1.0,1.0
-5.0,8.0,1.0,9,0.0645,0.547
-4.0,8.0,1.0,9,0.527,0.988
-3.0,8.0,1.0,9,0.984,1.0
-2.0,8.0,1.0,9,1.0,1.0
-1.0,8.0,1.0,9,1.0,1.0
-5.0,4.0,2.0,9,1.0,1.0
-4.0,4.0,2.0,9,1.0,0.8155
-3.0,4.0,2.0,9,0.821,0.096
-2.0,4.0,2.0,9,0.101,0.9515
-1.0,4.0,2.0,9,0.958,1.0
-5.0,5.0,2.0,9,1.0,0.902
-4.0,5.0,2.0,9,0.895,0.054
-3.0,5.0,2.0,9,0.0615,0.8935
-2.0,5.0,2.0,9,0.8925,1.0
-1.0,5.0,2.0,9,1.0,1.0
-5.0,6.0,2.0,9,0.9485,0.06
-4.0,6.0,2.0,9,0.06,0.7775
-3.0,6.0,2.0,9,0.768,1.0
-2.0,6.0,2.0,9,0.9995,1.0
-1.0,6.0,2.0,9,1.0,1.0
-5.0,7.0,2.0,9,0.097,0.628
-4.0,7.0,2.0,9,0.6365,0.9985
-3.0,7.0,2.0,9,0.9975,1.0
-2.0,7.0,2.0,9,1.0,1.0
-1.0,7.0,2.0,9,1.0,1.0
-5.0,8.0,2.0,9,0.475,0.989
-4.0,8.0,2.0,9,0.992,1.0
-3.0,8.0,2.0,9,1.0,1.0
-2.0,8.0,2.0,9,1.0,1.0
-1.0,8.0,2.0,9,1.0,1.0
-5.0,4.0,3.0,9,1.0,0.999
-4.0,4.0,3.0,9,0.9995,0.59
-3.0,4.0,3.0,9,0.613,0.224
-2.0,4.0,3.0,9,0.229,0.9835
-1.0,4.0,3.0,9,0.9895,1.0
-5.0,5.0,3.0,9,1.0,0.705
-4.0,5.0,3.0,9,0.693,0.162
-3.0,5.0,3.0,9,0.1635,0.967
-2.0,5.0,3.0,9,0.9735,1.0
-1.0,5.0,3.0,9,1.0,1.0
-5.0,6.0,3.0,9,0.7845,0.111
-4.0,6.0,3.0,9,0.1035,0.9385
-3.0,6.0,3.0,9,0.9535,1.0
-2.0,6.0,3.0,9,1.0,1.0
-1.0,6.0,3.0,9,1.0,1.0
-5.0,7.0,3.0,9,0.0755,0.913
-4.0,7.0,3.0,9,0.9055,1.0
-3.0,7.0,3.0,9,1.0,1.0
-2.0,7.0,3.0,9,1.0,1.0
-1.0,7.0,3.0,9,1.0,1.0
-5.0,8.0,3.0,9,0.8575,0.9995
-4.0,8.0,3.0,9,1.0,1.0
-3.0,8.0,3.0,9,1.0,1.0
-2.0,8.0,3.0,9,1.0,1.0
-1.0,8.0,3.0,9,1.0,1.0
-5.0,4.0,-3.0,10,1.0,1.0
-4.0,4.0,-3.0,10,1.0,1.0
-3.0,4.0,-3.0,10,1.0,1.0
-2.0,4.0,-3.0,10,1.0,0.985
-1.0,4.0,-3.0,10,0.9905,0.25
-5.0,5.0,-3.0,10,1.0,1.0
-4.0,5.0,-3.0,10,1.0,1.0
-3.0,5.0,-3.0,10,1.0,1.0
-2.0,5.0,-3.0,10,1.0,0.9835
-1.0,5.0,-3.0,10,0.9715,0.1705
-5.0,6.0,-3.0,10,1.0,1.0
-4.0,6.0,-3.0,10,1.0,1.0
-3.0,6.0,-3.0,10,1.0,1.0
-2.0,6.0,-3.0,10,0.9995,0.9455
-1.0,6.0,-3.0,10,0.949,0.1195
-5.0,7.0,-3.0,10,1.0,1.0
-4.0,7.0,-3.0,10,1.0,1.0
-3.0,7.0,-3.0,10,1.0,1.0
-2.0,7.0,-3.0,10,0.9995,0.914
-1.0,7.0,-3.0,10,0.9055,0.0775
-5.0,8.0,-3.0,10,1.0,1.0
-4.0,8.0,-3.0,10,1.0,1.0
-3.0,8.0,-3.0,10,1.0,1.0
-2.0,8.0,-3.0,10,1.0,0.849
-1.0,8.0,-3.0,10,0.869,0.0495
-5.0,4.0,-2.0,10,1.0,1.0
-4.0,4.0,-2.0,10,1.0,1.0
-3.0,4.0,-2.0,10,1.0,1.0
-2.0,4.0,-2.0,10,1.0,0.9655
-1.0,4.0,-2.0,10,0.9595,0.105
-5.0,5.0,-2.0,10,1.0,1.0
-4.0,5.0,-2.0,10,1.0,1.0
-3.0,5.0,-2.0,10,1.0,1.0
-2.0,5.0,-2.0,10,0.9995,0.8865
-1.0,5.0,-2.0,10,0.898,0.0575
-5.0,6.0,-2.0,10,1.0,1.0
-4.0,6.0,-2.0,10,1.0,1.0
-3.0,6.0,-2.0,10,1.0,1.0
-2.0,6.0,-2.0,10,0.9995,0.782
-1.0,6.0,-2.0,10,0.787,0.0625
-5.0,7.0,-2.0,10,1.0,1.0
-4.0,7.0,-2.0,10,1.0,1.0
-3.0,7.0,-2.0,10,1.0,0.9945
-2.0,7.0,-2.0,10,0.9965,0.627
-1.0,7.0,-2.0,10,0.6505,0.0945
-5.0,8.0,-2.0,10,1.0,1.0
-4.0,8.0,-2.0,10,1.0,1.0
-3.0,8.0,-2.0,10,1.0,0.9905
-2.0,8.0,-2.0,10,0.993,0.497
-1.0,8.0,-2.0,10,0.4825,0.147
-5.0,4.0,-1.0,10,1.0,1.0
-4.0,4.0,-1.0,10,1.0,1.0
-3.0,4.0,-1.0,10,1.0,1.0
-2.0,4.0,-1.0,10,0.9995,0.761
-1.0,4.0,-1.0,10,0.7695,0.0905
-5.0,5.0,-1.0,10,1.0,1.0
-4.0,5.0,-1.0,10,1.0,1.0
-3.0,5.0,-1.0,10,1.0,0.996
-2.0,5.0,-1.0,10,0.994,0.4485
-1.0,5.0,-1.0,10,0.411,0.2875
-5.0,6.0,-1.0,10,1.0,1.0
-4.0,6.0,-1.0,10,1.0,1.0
-3.0,6.0,-1.0,10,1.0,0.961
-2.0,6.0,-1.0,10,0.9645,0.1755
-1.0,6.0,-1.0,10,0.171,0.5295
-5.0,7.0,-1.0,10,1.0,1.0
-4.0,7.0,-1.0,10,1.0,0.999
-3.0,7.0,-1.0,10,1.0,0.8275
-2.0,7.0,-1.0,10,0.817,0.064
-1.0,7.0,-1.0,10,0.067,0.7395
-5.0,8.0,-1.0,10,1.0,1.0
-4.0,8.0,-1.0,10,1.0,0.9895
-3.0,8.0,-1.0,10,0.983,0.567
-2.0,8.0,-1.0,10,0.571,0.061
-1.0,8.0,-1.0,10,0.06,0.864
-5.0,4.0,0.0,10,1.0,1.0
-4.0,4.0,0.0,10,1.0,1.0
-3.0,4.0,0.0,10,1.0,0.9145
-2.0,4.0,0.0,10,0.927,0.0495
-1.0,4.0,0.0,10,0.0415,0.926
-5.0,5.0,0.0,10,1.0,1.0
-4.0,5.0,0.0,10,1.0,0.9955
-3.0,5.0,0.0,10,0.996,0.3315
-2.0,5.0,0.0,10,0.3515,0.326
-1.0,5.0,0.0,10,0.333,0.9985
-5.0,6.0,0.0,10,1.0,1.0
-4.0,6.0,0.0,10,0.9995,0.8045
-3.0,6.0,0.0,10,0.82,0.0515
-2.0,6.0,0.0,10,0.0455,0.8265
-1.0,6.0,0.0,10,0.8155,1.0
-5.0,7.0,0.0,10,1.0,0.978
-4.0,7.0,0.0,10,0.982,0.2675
-3.0,7.0,0.0,10,0.287,0.2535
-2.0,7.0,0.0,10,0.2525,0.9745
-1.0,7.0,0.0,10,0.98,1.0
-5.0,8.0,0.0,10,0.9975,0.694
-4.0,8.0,0.0,10,0.693,0.0565
-3.0,8.0,0.0,10,0.037,0.684
-2.0,8.0,0.0,10,0.6855,0.999
-1.0,8.0,0.0,10,0.9995,1.0
-5.0,4.0,1.0,10,1.0,1.0
-4.0,4.0,1.0,10,1.0,0.982
-3.0,4.0,1.0,10,0.98,0.093
-2.0,4.0,1.0,10,0.1135,0.7655
-1.0,4.0,1.0,10,0.758,1.0
-5.0,5.0,1.0,10,1.0,0.997
-4.0,5.0,1.0,10,0.998,0.2655
-3.0,5.0,1.0,10,0.28,0.436
-2.0,5.0,1.0,10,0.4355,0.9975
-1.0,5.0,1.0,10,0.995,1.0
-5.0,6.0,1.0,10,1.0,0.534
-4.0,6.0,1.0,10,0.5455,0.1675
-3.0,6.0,1.0,10,0.189,0.9615
-2.0,6.0,1.0,10,0.957,1.0
-1.0,6.0,1.0,10,1.0,1.0
-5.0,7.0,1.0,10,0.724,0.056
-4.0,7.0,1.0,10,0.0465,0.8285
-3.0,7.0,1.0,10,0.824,0.9995
-2.0,7.0,1.0,10,0.9985,1.0
-1.0,7.0,1.0,10,1.0,1.0
-5.0,8.0,1.0,10,0.05,0.565
-4.0,8.0,1.0,10,0.5575,0.9915
-3.0,8.0,1.0,10,0.9885,1.0
-2.0,8.0,1.0,10,1.0,1.0
-1.0,8.0,1.0,10,1.0,1.0
-5.0,4.0,2.0,10,1.0,1.0
-4.0,4.0,2.0,10,1.0,0.8205
-3.0,4.0,2.0,10,0.826,0.1065
-2.0,4.0,2.0,10,0.112,0.9595
-1.0,4.0,2.0,10,0.96,1.0
-5.0,5.0,2.0,10,1.0,0.899
-4.0,5.0,2.0,10,0.905,0.0625
-3.0,5.0,2.0,10,0.054,0.896
-2.0,5.0,2.0,10,0.894,1.0
-1.0,5.0,2.0,10,1.0,1.0
-5.0,6.0,2.0,10,0.952,0.0605
-4.0,6.0,2.0,10,0.068,0.779
-3.0,6.0,2.0,10,0.7825,1.0
-2.0,6.0,2.0,10,0.999,1.0
-1.0,6.0,2.0,10,1.0,1.0
-5.0,7.0,2.0,10,0.0915,0.626
-4.0,7.0,2.0,10,0.638,0.9985
-3.0,7.0,2.0,10,0.9985,1.0
-2.0,7.0,2.0,10,1.0,1.0
-1.0,7.0,2.0,10,1.0,1.0
-5.0,8.0,2.0,10,0.5005,0.987
-4.0,8.0,2.0,10,0.993,1.0
-3.0,8.0,2.0,10,1.0,1.0
-2.0,8.0,2.0,10,1.0,1.0
-1.0,8.0,2.0,10,1.0,1.0
-5.0,4.0,3.0,10,1.0,0.9995
-4.0,4.0,3.0,10,0.9995,0.606
-3.0,4.0,3.0,10,0.5925,0.2645
-2.0,4.0,3.0,10,0.2505,0.991
-1.0,4.0,3.0,10,0.992,1.0
-5.0,5.0,3.0,10,1.0,0.7015
-4.0,5.0,3.0,10,0.6935,0.163
-3.0,5.0,3.0,10,0.1595,0.975
-2.0,5.0,3.0,10,0.9735,1.0
-1.0,5.0,3.0,10,1.0,1.0
-5.0,6.0,3.0,10,0.7795,0.1125
-4.0,6.0,3.0,10,0.105,0.931
-3.0,6.0,3.0,10,0.949,1.0
-2.0,6.0,3.0,10,1.0,1.0
-1.0,6.0,3.0,10,1.0,1.0
-5.0,7.0,3.0,10,0.08,0.9135
-4.0,7.0,3.0,10,0.91,1.0
-3.0,7.0,3.0,10,1.0,1.0
-2.0,7.0,3.0,10,1.0,1.0
-1.0,7.0,3.0,10,1.0,1.0
-5.0,8.0,3.0,10,0.854,0.9995
-4.0,8.0,3.0,10,1.0,1.0
-3.0,8.0,3.0,10,1.0,1.0
-2.0,8.0,3.0,10,1.0,1.0
-1.0,8.0,3.0,10,1.0,1.0
-5.0,4.0,-3.0,11,1.0,1.0
-4.0,4.0,-3.0,11,1.0,1.0
-3.0,4.0,-3.0,11,1.0,1.0
-2.0,4.0,-3.0,11,1.0,0.9895
-1.0,4.0,-3.0,11,0.9945,0.2605
-5.0,5.0,-3.0,11,1.0,1.0
-4.0,5.0,-3.0,11,1.0,1.0
-3.0,5.0,-3.0,11,1.0,1.0
-2.0,5.0,-3.0,11,1.0,0.976
-1.0,5.0,-3.0,11,0.9745,0.171
-5.0,6.0,-3.0,11,1.0,1.0
-4.0,6.0,-3.0,11,1.0,1.0
-3.0,6.0,-3.0,11,1.0,1.0
-2.0,6.0,-3.0,11,1.0,0.95
-1.0,6.0,-3.0,11,0.947,0.1175
-5.0,7.0,-3.0,11,1.0,1.0
-4.0,7.0,-3.0,11,1.0,1.0
-3.0,7.0,-3.0,11,1.0,0.9995
-2.0,7.0,-3.0,11,1.0,0.9145
-1.0,7.0,-3.0,11,0.909,0.0765
-5.0,8.0,-3.0,11,1.0,1.0
-4.0,8.0,-3.0,11,1.0,1.0
-3.0,8.0,-3.0,11,1.0,1.0
-2.0,8.0,-3.0,11,1.0,0.859
-1.0,8.0,-3.0,11,0.8575,0.058
-5.0,4.0,-2.0,11,1.0,1.0
-4.0,4.0,-2.0,11,1.0,1.0
-3.0,4.0,-2.0,11,1.0,1.0
-2.0,4.0,-2.0,11,1.0,0.9645
-1.0,4.0,-2.0,11,0.961,0.108
-5.0,5.0,-2.0,11,1.0,1.0
-4.0,5.0,-2.0,11,1.0,1.0
-3.0,5.0,-2.0,11,1.0,1.0
-2.0,5.0,-2.0,11,1.0,0.902
-1.0,5.0,-2.0,11,0.895,0.064
-5.0,6.0,-2.0,11,1.0,1.0
-4.0,6.0,-2.0,11,1.0,1.0
-3.0,6.0,-2.0,11,1.0,1.0
-2.0,6.0,-2.0,11,0.9995,0.776
-1.0,6.0,-2.0,11,0.786,0.0605
-5.0,7.0,-2.0,11,1.0,1.0
-4.0,7.0,-2.0,11,1.0,1.0
-3.0,7.0,-2.0,11,1.0,0.998
-2.0,7.0,-2.0,11,0.999,0.6345
-1.0,7.0,-2.0,11,0.634,0.103
-5.0,8.0,-2.0,11,1.0,1.0
-4.0,8.0,-2.0,11,1.0,1.0
-3.0,8.0,-2.0,11,1.0,0.987
-2.0,8.0,-2.0,11,0.9925,0.4915
-1.0,8.0,-2.0,11,0.4865,0.1505
-5.0,4.0,-1.0,11,1.0,1.0
-4.0,4.0,-1.0,11,1.0,1.0
-3.0,4.0,-1.0,11,1.0,1.0
-2.0,4.0,-1.0,11,0.999,0.7435
-1.0,4.0,-1.0,11,0.7565,0.1005
-5.0,5.0,-1.0,11,1.0,1.0
-4.0,5.0,-1.0,11,1.0,1.0
-3.0,5.0,-1.0,11,1.0,0.999
-2.0,5.0,-1.0,11,0.9945,0.437
-1.0,5.0,-1.0,11,0.419,0.3005
-5.0,6.0,-1.0,11,1.0,1.0
-4.0,6.0,-1.0,11,1.0,1.0
-3.0,6.0,-1.0,11,1.0,0.9605
-2.0,6.0,-1.0,11,0.959,0.172
-1.0,6.0,-1.0,11,0.1635,0.5455
-5.0,7.0,-1.0,11,1.0,1.0
-4.0,7.0,-1.0,11,1.0,0.999
-3.0,7.0,-1.0,11,1.0,0.831
-2.0,7.0,-1.0,11,0.811,0.0615
-1.0,7.0,-1.0,11,0.0575,0.7345
-5.0,8.0,-1.0,11,1.0,1.0
-4.0,8.0,-1.0,11,1.0,0.9885
-3.0,8.0,-1.0,11,0.992,0.556
-2.0,8.0,-1.0,11,0.5595,0.0575
-1.0,8.0,-1.0,11,0.072,0.8745
-5.0,4.0,0.0,11,1.0,1.0
-4.0,4.0,0.0,11,1.0,1.0
-3.0,4.0,0.0,11,1.0,0.923
-2.0,4.0,0.0,11,0.92,0.053
-1.0,4.0,0.0,11,0.0485,0.921
-5.0,5.0,0.0,11,1.0,1.0
-4.0,5.0,0.0,11,1.0,0.996
-3.0,5.0,0.0,11,0.998,0.3575
-2.0,5.0,0.0,11,0.3285,0.361
-1.0,5.0,0.0,11,0.358,0.998
-5.0,6.0,0.0,11,1.0,0.9995
-4.0,6.0,0.0,11,1.0,0.8185
-3.0,6.0,0.0,11,0.8255,0.05
-2.0,6.0,0.0,11,0.0485,0.832
-1.0,6.0,0.0,11,0.8065,0.9995
-5.0,7.0,0.0,11,1.0,0.977
-4.0,7.0,0.0,11,0.9715,0.2625
-3.0,7.0,0.0,11,0.2545,0.256
-2.0,7.0,0.0,11,0.264,0.978
-1.0,7.0,0.0,11,0.9755,1.0
-5.0,8.0,0.0,11,0.9975,0.706
-4.0,8.0,0.0,11,0.6965,0.047
-3.0,8.0,0.0,11,0.0485,0.694
-2.0,8.0,0.0,11,0.6965,0.998
-1.0,8.0,0.0,11,0.9985,1.0
-5.0,4.0,1.0,11,1.0,1.0
-4.0,4.0,1.0,11,1.0,0.9905
-3.0,4.0,1.0,11,0.979,0.0845
-2.0,4.0,1.0,11,0.1,0.751
-1.0,4.0,1.0,11,0.7625,1.0
-5.0,5.0,1.0,11,1.0,0.999
-4.0,5.0,1.0,11,0.998,0.2935
-3.0,5.0,1.0,11,0.2795,0.4255
-2.0,5.0,1.0,11,0.447,0.995
-1.0,5.0,1.0,11,0.996,1.0
-5.0,6.0,1.0,11,0.9995,0.5195
-4.0,6.0,1.0,11,0.514,0.1595
-3.0,6.0,1.0,11,0.1705,0.958
-2.0,6.0,1.0,11,0.951,1.0
-1.0,6.0,1.0,11,1.0,1.0
-5.0,7.0,1.0,11,0.722,0.074
-4.0,7.0,1.0,11,0.054,0.8205
-3.0,7.0,1.0,11,0.8035,1.0
-2.0,7.0,1.0,11,0.999,1.0
-1.0,7.0,1.0,11,1.0,1.0
-5.0,8.0,1.0,11,0.054,0.551
-4.0,8.0,1.0,11,0.548,0.9865
-3.0,8.0,1.0,11,0.9895,1.0
-2.0,8.0,1.0,11,1.0,1.0
-1.0,8.0,1.0,11,1.0,1.0
-5.0,4.0,2.0,11,1.0,1.0
-4.0,4.0,2.0,11,1.0,0.83
-3.0,4.0,2.0,11,0.8115,0.1065
-2.0,4.0,2.0,11,0.1,0.9685
-1.0,4.0,2.0,11,0.9645,1.0
-5.0,5.0,2.0,11,1.0,0.8975
-4.0,5.0,2.0,11,0.8895,0.0535
-3.0,5.0,2.0,11,0.0595,0.8965
-2.0,5.0,2.0,11,0.911,1.0
-1.0,5.0,2.0,11,1.0,1.0
-5.0,6.0,2.0,11,0.948,0.063
-4.0,6.0,2.0,11,0.0585,0.772
-3.0,6.0,2.0,11,0.7935,0.9995
-2.0,6.0,2.0,11,0.9995,1.0
-1.0,6.0,2.0,11,1.0,1.0
-5.0,7.0,2.0,11,0.0895,0.638
-4.0,7.0,2.0,11,0.618,0.9965
-3.0,7.0,2.0,11,0.9975,1.0
-2.0,7.0,2.0,11,1.0,1.0
-1.0,7.0,2.0,11,1.0,1.0
-5.0,8.0,2.0,11,0.491,0.986
-4.0,8.0,2.0,11,0.987,1.0
-3.0,8.0,2.0,11,1.0,1.0
-2.0,8.0,2.0,11,1.0,1.0
-1.0,8.0,2.0,11,1.0,1.0
-5.0,4.0,3.0,11,1.0,0.9995
-4.0,4.0,3.0,11,0.9995,0.5795
-3.0,4.0,3.0,11,0.592,0.258
-2.0,4.0,3.0,11,0.25,0.988
-1.0,4.0,3.0,11,0.9915,1.0
-5.0,5.0,3.0,11,0.9995,0.7005
-4.0,5.0,3.0,11,0.7115,0.16
-3.0,5.0,3.0,11,0.1865,0.9725
-2.0,5.0,3.0,11,0.9695,1.0
-1.0,5.0,3.0,11,1.0,1.0
-5.0,6.0,3.0,11,0.7625,0.1055
-4.0,6.0,3.0,11,0.118,0.9485
-3.0,6.0,3.0,11,0.9465,1.0
-2.0,6.0,3.0,11,1.0,1.0
-1.0,6.0,3.0,11,1.0,1.0
-5.0,7.0,3.0,11,0.089,0.9125
-4.0,7.0,3.0,11,0.92,1.0
-3.0,7.0,3.0,11,1.0,1.0
-2.0,7.0,3.0,11,1.0,1.0
-1.0,7.0,3.0,11,1.0,1.0
-5.0,8.0,3.0,11,0.859,0.9995
-4.0,8.0,3.0,11,0.999,1.0
-3.0,8.0,3.0,11,1.0,1.0
-2.0,8.0,3.0,11,1.0,1.0
-1.0,8.0,3.0,11,1.0,1.0
-5.0,4.0,-3.0,12,1.0,1.0
-4.0,4.0,-3.0,12,1.0,1.0
-3.0,4.0,-3.0,12,1.0,1.0
-2.0,4.0,-3.0,12,1.0,0.9895
-1.0,4.0,-3.0,12,0.9895,0.2605
-5.0,5.0,-3.0,12,1.0,1.0
-4.0,5.0,-3.0,12,1.0,1.0
-3.0,5.0,-3.0,12,1.0,1.0
-2.0,5.0,-3.0,12,1.0,0.973
-1.0,5.0,-3.0,12,0.9725,0.166
-5.0,6.0,-3.0,12,1.0,1.0
-4.0,6.0,-3.0,12,1.0,1.0
-3.0,6.0,-3.0,12,1.0,1.0
-2.0,6.0,-3.0,12,1.0,0.9425
-1.0,6.0,-3.0,12,0.9465,0.1185
-5.0,7.0,-3.0,12,1.0,1.0
-4.0,7.0,-3.0,12,1.0,1.0
-3.0,7.0,-3.0,12,1.0,1.0
-2.0,7.0,-3.0,12,1.0,0.911
-1.0,7.0,-3.0,12,0.917,0.091
-5.0,8.0,-3.0,12,1.0,1.0
-4.0,8.0,-3.0,12,1.0,1.0
-3.0,8.0,-3.0,12,1.0,1.0
-2.0,8.0,-3.0,12,0.9995,0.8715
-1.0,8.0,-3.0,12,0.8595,0.06
-5.0,4.0,-2.0,12,1.0,1.0
-4.0,4.0,-2.0,12,1.0,1.0
-3.0,4.0,-2.0,12,1.0,1.0
-2.0,4.0,-2.0,12,1.0,0.9605
-1.0,4.0,-2.0,12,0.963,0.0955
-5.0,5.0,-2.0,12,1.0,1.0
-4.0,5.0,-2.0,12,1.0,1.0
-3.0,5.0,-2.0,12,1.0,1.0
-2.0,5.0,-2.0,12,1.0,0.89
-1.0,5.0,-2.0,12,0.888,0.0715
-5.0,6.0,-2.0,12,1.0,1.0
-4.0,6.0,-2.0,12,1.0,1.0
-3.0,6.0,-2.0,12,1.0,0.9995
-2.0,6.0,-2.0,12,1.0,0.794
-1.0,6.0,-2.0,12,0.796,0.0575
-5.0,7.0,-2.0,12,1.0,1.0
-4.0,7.0,-2.0,12,1.0,1.0
-3.0,7.0,-2.0,12,1.0,0.998
-2.0,7.0,-2.0,12,0.998,0.6395
-1.0,7.0,-2.0,12,0.649,0.093
-5.0,8.0,-2.0,12,1.0,1.0
-4.0,8.0,-2.0,12,1.0,1.0
-3.0,8.0,-2.0,12,1.0,0.9885
-2.0,8.0,-2.0,12,0.9895,0.491
-1.0,8.0,-2.0,12,0.478,0.151
-5.0,4.0,-1.0,12,1.0,1.0
-4.0,4.0,-1.0,12,1.0,1.0
-3.0,4.0,-1.0,12,1.0,0.999
-2.0,4.0,-1.0,12,1.0,0.7525
-1.0,4.0,-1.0,12,0.739,0.0915
-5.0,5.0,-1.0,12,1.0,1.0
-4.0,5.0,-1.0,12,1.0,1.0
-3.0,5.0,-1.0,12,1.0,0.9955
-2.0,5.0,-1.0,12,0.9995,0.448
-1.0,5.0,-1.0,12,0.4455,0.2705
-5.0,6.0,-1.0,12,1.0,1.0
-4.0,6.0,-1.0,12,1.0,1.0
-3.0,6.0,-1.0,12,1.0,0.9605
-2.0,6.0,-1.0,12,0.9625,0.17
-1.0,6.0,-1.0,12,0.175,0.5205
-5.0,7.0,-1.0,12,1.0,1.0
-4.0,7.0,-1.0,12,1.0,1.0
-3.0,7.0,-1.0,12,0.9995,0.815
-2.0,7.0,-1.0,12,0.817,0.0605
-1.0,7.0,-1.0,12,0.0545,0.733
-5.0,8.0,-1.0,12,1.0,1.0
-4.0,8.0,-1.0,12,1.0,0.99
-3.0,8.0,-1.0,12,0.996,0.5375
-2.0,8.0,-1.0,12,0.541,0.0585
-1.0,8.0,-1.0,12,0.0575,0.852
-5.0,4.0,0.0,12,1.0,1.0
-4.0,4.0,0.0,12,1.0,1.0
-3.0,4.0,0.0,12,1.0,0.918
-2.0,4.0,0.0,12,0.9235,0.054
-1.0,4.0,0.0,12,0.055,0.92
-5.0,5.0,0.0,12,1.0,1.0
-4.0,5.0,0.0,12,1.0,0.997
-3.0,5.0,0.0,12,0.997,0.3475
-2.0,5.0,0.0,12,0.342,0.34
-1.0,5.0,0.0,12,0.358,0.996
-5.0,6.0,0.0,12,1.0,1.0
-4.0,6.0,0.0,12,0.9995,0.8205
-3.0,6.0,0.0,12,0.821,0.0485
-2.0,6.0,0.0,12,0.0495,0.8285
-1.0,6.0,0.0,12,0.8295,1.0
-5.0,7.0,0.0,12,1.0,0.981
-4.0,7.0,0.0,12,0.9735,0.254
-3.0,7.0,0.0,12,0.2525,0.275
-2.0,7.0,0.0,12,0.2805,0.978
-1.0,7.0,0.0,12,0.9805,1.0
-5.0,8.0,0.0,12,0.9985,0.694
-4.0,8.0,0.0,12,0.6805,0.0555
-3.0,8.0,0.0,12,0.0465,0.68
-2.0,8.0,0.0,12,0.692,0.9985
-1.0,8.0,0.0,12,0.997,1.0
-5.0,4.0,1.0,12,1.0,1.0
-4.0,4.0,1.0,12,1.0,0.9755
-3.0,4.0,1.0,12,0.981,0.094
-2.0,4.0,1.0,12,0.098,0.7505
-1.0,4.0,1.0,12,0.751,0.9995
-5.0,5.0,1.0,12,1.0,0.9975
-4.0,5.0,1.0,12,0.9955,0.2925
-3.0,5.0,1.0,12,0.2745,0.4355
-2.0,5.0,1.0,12,0.446,0.998
-1.0,5.0,1.0,12,0.9975,1.0
-5.0,6.0,1.0,12,0.999,0.535
-4.0,6.0,1.0,12,0.5165,0.1675
-3.0,6.0,1.0,12,0.1715,0.961
-2.0,6.0,1.0,12,0.967,1.0
-1.0,6.0,1.0,12,1.0,1.0
-5.0,7.0,1.0,12,0.7225,0.0565
-4.0,7.0,1.0,12,0.0685,0.8065
-3.0,7.0,1.0,12,0.823,1.0
-2.0,7.0,1.0,12,0.9985,1.0
-1.0,7.0,1.0,12,1.0,1.0
-5.0,8.0,1.0,12,0.0605,0.5515
-4.0,8.0,1.0,12,0.56,0.9885
-3.0,8.0,1.0,12,0.9905,1.0
-2.0,8.0,1.0,12,0.9995,1.0
-1.0,8.0,1.0,12,1.0,1.0
-5.0,4.0,2.0,12,1.0,1.0
-4.0,4.0,2.0,12,1.0,0.8015
-3.0,4.0,2.0,12,0.7965,0.093
-2.0,4.0,2.0,12,0.104,0.964
-1.0,4.0,2.0,12,0.963,1.0
-5.0,5.0,2.0,12,1.0,0.8955
-4.0,5.0,2.0,12,0.9035,0.0635
-3.0,5.0,2.0,12,0.057,0.9025
-2.0,5.0,2.0,12,0.897,1.0
-1.0,5.0,2.0,12,1.0,1.0
-5.0,6.0,2.0,12,0.952,0.059
-4.0,6.0,2.0,12,0.0565,0.7855
-3.0,6.0,2.0,12,0.7875,0.999
-2.0,6.0,2.0,12,0.9995,1.0
-1.0,6.0,2.0,12,1.0,1.0
-5.0,7.0,2.0,12,0.081,0.634
-4.0,7.0,2.0,12,0.646,0.997
-3.0,7.0,2.0,12,0.9975,1.0
-2.0,7.0,2.0,12,1.0,1.0
-1.0,7.0,2.0,12,1.0,1.0
-5.0,8.0,2.0,12,0.4855,0.9895
-4.0,8.0,2.0,12,0.99,1.0
-3.0,8.0,2.0,12,1.0,1.0
-2.0,8.0,2.0,12,1.0,1.0
-1.0,8.0,2.0,12,1.0,1.0
-5.0,4.0,3.0,12,1.0,1.0
-4.0,4.0,3.0,12,1.0,0.583
-3.0,4.0,3.0,12,0.589,0.2605
-2.0,4.0,3.0,12,0.2415,0.989
-1.0,4.0,3.0,12,0.992,1.0
-5.0,5.0,3.0,12,1.0,0.697
-4.0,5.0,3.0,12,0.707,0.175
-3.0,5.0,3.0,12,0.166,0.9725
-2.0,5.0,3.0,12,0.9705,1.0
-1.0,5.0,3.0,12,1.0,1.0
-5.0,6.0,3.0,12,0.7695,0.1125
-4.0,6.0,3.0,12,0.107,0.9495
-3.0,6.0,3.0,12,0.9505,1.0
-2.0,6.0,3.0,12,1.0,1.0
-1.0,6.0,3.0,12,1.0,1.0
-5.0,7.0,3.0,12,0.0785,0.9145
-4.0,7.0,3.0,12,0.9135,1.0
-3.0,7.0,3.0,12,1.0,1.0
-2.0,7.0,3.0,12,1.0,1.0
-1.0,7.0,3.0,12,1.0,1.0
-5.0,8.0,3.0,12,0.8655,0.9985
-4.0,8.0,3.0,12,1.0,1.0
-3.0,8.0,3.0,12,1.0,1.0
-2.0,8.0,3.0,12,1.0,1.0
-1.0,8.0,3.0,12,1.0,1.0
-5.0,4.0,-3.0,13,1.0,1.0
-4.0,4.0,-3.0,13,1.0,1.0
-3.0,4.0,-3.0,13,1.0,1.0
-2.0,4.0,-3.0,13,1.0,0.985
-1.0,4.0,-3.0,13,0.9895,0.2535
-5.0,5.0,-3.0,13,1.0,1.0
-4.0,5.0,-3.0,13,1.0,1.0
-3.0,5.0,-3.0,13,1.0,1.0
-2.0,5.0,-3.0,13,1.0,0.9725
-1.0,5.0,-3.0,13,0.9785,0.1775
-5.0,6.0,-3.0,13,1.0,1.0
-4.0,6.0,-3.0,13,1.0,1.0
-3.0,6.0,-3.0,13,1.0,1.0
-2.0,6.0,-3.0,13,0.9995,0.951
-1.0,6.0,-3.0,13,0.959,0.1115
-5.0,7.0,-3.0,13,1.0,1.0
-4.0,7.0,-3.0,13,1.0,1.0
-3.0,7.0,-3.0,13,1.0,1.0
-2.0,7.0,-3.0,13,1.0,0.912
-1.0,7.0,-3.0,13,0.911,0.082
-5.0,8.0,-3.0,13,1.0,1.0
-4.0,8.0,-3.0,13,1.0,1.0
-3.0,8.0,-3.0,13,1.0,1.0
-2.0,8.0,-3.0,13,1.0,0.8635
-1.0,8.0,-3.0,13,0.873,0.0595
-5.0,4.0,-2.0,13,1.0,1.0
-4.0,4.0,-2.0,13,1.0,1.0
-3.0,4.0,-2.0,13,1.0,1.0
-2.0,4.0,-2.0,13,1.0,0.9675
-1.0,4.0,-2.0,13,0.965,0.1045
-5.0,5.0,-2.0,13,1.0,1.0
-4.0,5.0,-2.0,13,1.0,1.0
-3.0,5.0,-2.0,13,1.0,1.0
-2.0,5.0,-2.0,13,1.0,0.9
-1.0,5.0,-2.0,13,0.895,0.0595
-5.0,6.0,-2.0,13,1.0,1.0
-4.0,6.0,-2.0,13,1.0,1.0
-3.0,6.0,-2.0,13,1.0,1.0
-2.0,6.0,-2.0,13,0.9995,0.7865
-1.0,6.0,-2.0,13,0.783,0.057
-5.0,7.0,-2.0,13,1.0,1.0
-4.0,7.0,-2.0,13,1.0,1.0
-3.0,7.0,-2.0,13,1.0,0.998
-2.0,7.0,-2.0,13,0.997,0.667
-1.0,7.0,-2.0,13,0.6465,0.087
-5.0,8.0,-2.0,13,1.0,1.0
-4.0,8.0,-2.0,13,1.0,1.0
-3.0,8.0,-2.0,13,1.0,0.9925
-2.0,8.0,-2.0,13,0.9925,0.4845
-1.0,8.0,-2.0,13,0.4915,0.15
-5.0,4.0,-1.0,13,1.0,1.0
-4.0,4.0,-1.0,13,1.0,1.0
-3.0,4.0,-1.0,13,1.0,1.0
-2.0,4.0,-1.0,13,1.0,0.756
-1.0,4.0,-1.0,13,0.7665,0.098
-5.0,5.0,-1.0,13,1.0,1.0
-4.0,5.0,-1.0,13,1.0,1.0
-3.0,5.0,-1.0,13,1.0,0.996
-2.0,5.0,-1.0,13,0.9945,0.432
-1.0,5.0,-1.0,13,0.4375,0.2765
-5.0,6.0,-1.0,13,1.0,1.0
-4.0,6.0,-1.0,13,1.0,1.0
-3.0,6.0,-1.0,13,1.0,0.9585
-2.0,6.0,-1.0,13,0.957,0.182
-1.0,6.0,-1.0,13,0.1765,0.5255
-5.0,7.0,-1.0,13,1.0,1.0
-4.0,7.0,-1.0,13,1.0,1.0
-3.0,7.0,-1.0,13,0.9995,0.81
-2.0,7.0,-1.0,13,0.829,0.051
-1.0,7.0,-1.0,13,0.062,0.7275
-5.0,8.0,-1.0,13,1.0,1.0
-4.0,8.0,-1.0,13,1.0,0.99
-3.0,8.0,-1.0,13,0.9895,0.556
-2.0,8.0,-1.0,13,0.5755,0.052
-1.0,8.0,-1.0,13,0.059,0.8685
-5.0,4.0,0.0,13,1.0,1.0
-4.0,4.0,0.0,13,1.0,1.0
-3.0,4.0,0.0,13,1.0,0.919
-2.0,4.0,0.0,13,0.922,0.054
-1.0,4.0,0.0,13,0.056,0.915
-5.0,5.0,0.0,13,1.0,1.0
-4.0,5.0,0.0,13,1.0,0.9995
-3.0,5.0,0.0,13,0.996,0.334
-2.0,5.0,0.0,13,0.34,0.3625
-1.0,5.0,0.0,13,0.365,0.9975
-5.0,6.0,0.0,13,1.0,0.9995
-4.0,6.0,0.0,13,1.0,0.8285
-3.0,6.0,0.0,13,0.823,0.0555
-2.0,6.0,0.0,13,0.049,0.84
-1.0,6.0,0.0,13,0.822,1.0
-5.0,7.0,0.0,13,1.0,0.9815
-4.0,7.0,0.0,13,0.98,0.263
-3.0,7.0,0.0,13,0.256,0.2545
-2.0,7.0,0.0,13,0.2745,0.9845
-1.0,7.0,0.0,13,0.979,1.0
-5.0,8.0,0.0,13,0.9965,0.678
-4.0,8.0,0.0,13,0.689,0.0475
-3.0,8.0,0.0,13,0.0495,0.674
-2.0,8.0,0.0,13,0.6835,0.999
-1.0,8.0,0.0,13,0.998,1.0
-5.0,4.0,1.0,13,1.0,1.0
-4.0,4.0,1.0,13,1.0,0.987
-3.0,4.0,1.0,13,0.977,0.0875
-2.0,4.0,1.0,13,0.104,0.7595
-1.0,4.0,1.0,13,0.753,1.0
-5.0,5.0,1.0,13,1.0,0.997
-4.0,5.0,1.0,13,0.995,0.2815
-3.0,5.0,1.0,13,0.268,0.4285
-2.0,5.0,1.0,13,0.4395,0.997
-1.0,5.0,1.0,13,0.997,1.0
-5.0,6.0,1.0,13,1.0,0.5245
-4.0,6.0,1.0,13,0.5,0.19
-3.0,6.0,1.0,13,0.1815,0.9575
-2.0,6.0,1.0,13,0.96,1.0
-1.0,6.0,1.0,13,1.0,1.0
-5.0,7.0,1.0,13,0.747,0.061
-4.0,7.0,1.0,13,0.067,0.8215
-3.0,7.0,1.0,13,0.8295,0.9985
-2.0,7.0,1.0,13,0.9995,1.0
-1.0,7.0,1.0,13,1.0,1.0
-5.0,8.0,1.0,13,0.06,0.5455
-4.0,8.0,1.0,13,0.554,0.99
-3.0,8.0,1.0,13,0.9885,1.0
-2.0,8.0,1.0,13,1.0,1.0
-1.0,8.0,1.0,13,1.0,1.0
-5.0,4.0,2.0,13,1.0,1.0
-4.0,4.0,2.0,13,1.0,0.8025
-3.0,4.0,2.0,13,0.8,0.11
-2.0,4.0,2.0,13,0.122,0.956
-1.0,4.0,2.0,13,0.9675,1.0
-5.0,5.0,2.0,13,1.0,0.9035
-4.0,5.0,2.0,13,0.897,0.0575
-3.0,5.0,2.0,13,0.0595,0.908
-2.0,5.0,2.0,13,0.8935,1.0
-1.0,5.0,2.0,13,1.0,1.0
-5.0,6.0,2.0,13,0.9455,0.0605
-4.0,6.0,2.0,13,0.0655,0.7925
-3.0,6.0,2.0,13,0.782,1.0
-2.0,6.0,2.0,13,0.9995,1.0
-1.0,6.0,2.0,13,1.0,1.0
-5.0,7.0,2.0,13,0.097,0.633
-4.0,7.0,2.0,13,0.632,0.998
-3.0,7.0,2.0,13,0.9985,1.0
-2.0,7.0,2.0,13,1.0,1.0
-1.0,7.0,2.0,13,1.0,1.0
-5.0,8.0,2.0,13,0.5,0.9865
-4.0,8.0,2.0,13,0.9905,1.0
-3.0,8.0,2.0,13,1.0,1.0
-2.0,8.0,2.0,13,1.0,1.0
-1.0,8.0,2.0,13,1.0,1.0
-5.0,4.0,3.0,13,1.0,1.0
-4.0,4.0,3.0,13,0.9995,0.5905
-3.0,4.0,3.0,13,0.5805,0.241
-2.0,4.0,3.0,13,0.2485,0.989
-1.0,4.0,3.0,13,0.9895,1.0
-5.0,5.0,3.0,13,1.0,0.6795
-4.0,5.0,3.0,13,0.7035,0.1625
-3.0,5.0,3.0,13,0.174,0.9695
-2.0,5.0,3.0,13,0.977,1.0
-1.0,5.0,3.0,13,1.0,1.0
-5.0,6.0,3.0,13,0.766,0.124
-4.0,6.0,3.0,13,0.12,0.945
-3.0,6.0,3.0,13,0.948,1.0
-2.0,6.0,3.0,13,1.0,1.0
-1.0,6.0,3.0,13,1.0,1.0
-5.0,7.0,3.0,13,0.086,0.907
-4.0,7.0,3.0,13,0.897,1.0
-3.0,7.0,3.0,13,1.0,1.0
-2.0,7.0,3.0,13,1.0,1.0
-1.0,7.0,3.0,13,1.0,1.0
-5.0,8.0,3.0,13,0.85,1.0
-4.0,8.0,3.0,13,1.0,1.0
-3.0,8.0,3.0,13,1.0,1.0
-2.0,8.0,3.0,13,1.0,1.0
-1.0,8.0,3.0,13,1.0,1.0
-5.0,4.0,-3.0,14,1.0,1.0
-4.0,4.0,-3.0,14,1.0,1.0
-3.0,4.0,-3.0,14,1.0,1.0
-2.0,4.0,-3.0,14,1.0,0.9905
-1.0,4.0,-3.0,14,0.993,0.2455
-5.0,5.0,-3.0,14,1.0,1.0
-4.0,5.0,-3.0,14,1.0,1.0
-3.0,5.0,-3.0,14,1.0,1.0
-2.0,5.0,-3.0,14,1.0,0.9765
-1.0,5.0,-3.0,14,0.978,0.1715
-5.0,6.0,-3.0,14,1.0,1.0
-4.0,6.0,-3.0,14,1.0,1.0
-3.0,6.0,-3.0,14,1.0,1.0
-2.0,6.0,-3.0,14,1.0,0.95
-1.0,6.0,-3.0,14,0.9485,0.116
-5.0,7.0,-3.0,14,1.0,1.0
-4.0,7.0,-3.0,14,1.0,1.0
-3.0,7.0,-3.0,14,1.0,0.9995
-2.0,7.0,-3.0,14,1.0,0.9195
-1.0,7.0,-3.0,14,0.911,0.0855
-5.0,8.0,-3.0,14,1.0,1.0
-4.0,8.0,-3.0,14,1.0,1.0
-3.0,8.0,-3.0,14,1.0,0.9995
-2.0,8.0,-3.0,14,1.0,0.85
-1.0,8.0,-3.0,14,0.85,0.0655
-5.0,4.0,-2.0,14,1.0,1.0
-4.0,4.0,-2.0,14,1.0,1.0
-3.0,4.0,-2.0,14,1.0,1.0
-2.0,4.0,-2.0,14,1.0,0.9755
-1.0,4.0,-2.0,14,0.962,0.1085
-5.0,5.0,-2.0,14,1.0,1.0
-4.0,5.0,-2.0,14,1.0,1.0
-3.0,5.0,-2.0,14,1.0,1.0
-2.0,5.0,-2.0,14,1.0,0.896
-1.0,5.0,-2.0,14,0.899,0.0515
-5.0,6.0,-2.0,14,1.0,1.0
-4.0,6.0,-2.0,14,1.0,1.0
-3.0,6.0,-2.0,14,1.0,1.0
-2.0,6.0,-2.0,14,0.9995,0.785
-1.0,6.0,-2.0,14,0.793,0.0495
-5.0,7.0,-2.0,14,1.0,1.0
-4.0,7.0,-2.0,14,1.0,1.0
-3.0,7.0,-2.0,14,1.0,0.999
-2.0,7.0,-2.0,14,0.9975,0.6305
-1.0,7.0,-2.0,14,0.645,0.085
-5.0,8.0,-2.0,14,1.0,1.0
-4.0,8.0,-2.0,14,1.0,1.0
-3.0,8.0,-2.0,14,1.0,0.9895
-2.0,8.0,-2.0,14,0.9875,0.502
-1.0,8.0,-2.0,14,0.509,0.1415
-5.0,4.0,-1.0,14,1.0,1.0
-4.0,4.0,-1.0,14,1.0,1.0
-3.0,4.0,-1.0,14,1.0,1.0
-2.0,4.0,-1.0,14,0.9995,0.751
-1.0,4.0,-1.0,14,0.7525,0.115
-5.0,5.0,-1.0,14,1.0,1.0
-4.0,5.0,-1.0,14,1.0,1.0
-3.0,5.0,-1.0,14,1.0,0.997
-2.0,5.0,-1.0,14,0.9965,0.4505
-1.0,5.0,-1.0,14,0.448,0.268
-5.0,6.0,-1.0,14,1.0,1.0
-4.0,6.0,-1.0,14,1.0,1.0
-3.0,6.0,-1.0,14,1.0,0.9595
-2.0,6.0,-1.0,14,0.953,0.1605
-1.0,6.0,-1.0,14,0.1655,0.5185
-5.0,7.0,-1.0,14,1.0,1.0
-4.0,7.0,-1.0,14,1.0,0.999
-3.0,7.0,-1.0,14,1.0,0.8125
-2.0,7.0,-1.0,14,0.81,0.058
-1.0,7.0,-1.0,14,0.063,0.734
-5.0,8.0,-1.0,14,1.0,1.0
-4.0,8.0,-1.0,14,1.0,0.991
-3.0,8.0,-1.0,14,0.9905,0.5725
-2.0,8.0,-1.0,14,0.5585,0.062
-1.0,8.0,-1.0,14,0.061,0.871
-5.0,4.0,0.0,14,1.0,1.0
-4.0,4.0,0.0,14,1.0,1.0
-3.0,4.0,0.0,14,1.0,0.9195
-2.0,4.0,0.0,14,0.9345,0.0515
-1.0,4.0,0.0,14,0.058,0.9225
-5.0,5.0,0.0,14,1.0,1.0
-4.0,5.0,0.0,14,1.0,0.9955
-3.0,5.0,0.0,14,0.9975,0.356
-2.0,5.0,0.0,14,0.3445,0.35
-1.0,5.0,0.0,14,0.344,0.998
-5.0,6.0,0.0,14,1.0,1.0
-4.0,6.0,0.0,14,1.0,0.815
-3.0,6.0,0.0,14,0.8335,0.0435
-2.0,6.0,0.0,14,0.0495,0.834
-1.0,6.0,0.0,14,0.827,0.9995
-5.0,7.0,0.0,14,1.0,0.9775
-4.0,7.0,0.0,14,0.9785,0.262
-3.0,7.0,0.0,14,0.28,0.253
-2.0,7.0,0.0,14,0.2605,0.979
-1.0,7.0,0.0,14,0.98,1.0
-5.0,8.0,0.0,14,0.9985,0.706
-4.0,8.0,0.0,14,0.6885,0.052
-3.0,8.0,0.0,14,0.0415,0.6935
-2.0,8.0,0.0,14,0.6995,0.997
-1.0,8.0,0.0,14,0.9995,1.0
-5.0,4.0,1.0,14,1.0,1.0
-4.0,4.0,1.0,14,1.0,0.982
-3.0,4.0,1.0,14,0.984,0.104
-2.0,4.0,1.0,14,0.095,0.7495
-1.0,4.0,1.0,14,0.766,1.0
-5.0,5.0,1.0,14,1.0,0.998
-4.0,5.0,1.0,14,0.9975,0.2865
-3.0,5.0,1.0,14,0.2835,0.43
-2.0,5.0,1.0,14,0.445,0.9935
-1.0,5.0,1.0,14,0.997,1.0
-5.0,6.0,1.0,14,1.0,0.524
-4.0,6.0,1.0,14,0.521,0.185
-3.0,6.0,1.0,14,0.1655,0.9615
-2.0,6.0,1.0,14,0.954,1.0
-1.0,6.0,1.0,14,1.0,1.0
-5.0,7.0,1.0,14,0.7395,0.06
-4.0,7.0,1.0,14,0.068,0.8225
-3.0,7.0,1.0,14,0.812,0.9995
-2.0,7.0,1.0,14,0.9995,1.0
-1.0,7.0,1.0,14,1.0,1.0
-5.0,8.0,1.0,14,0.0585,0.577
-4.0,8.0,1.0,14,0.584,0.9895
-3.0,8.0,1.0,14,0.99,1.0
-2.0,8.0,1.0,14,1.0,1.0
-1.0,8.0,1.0,14,1.0,1.0
-5.0,4.0,2.0,14,1.0,1.0
-4.0,4.0,2.0,14,1.0,0.8035
-3.0,4.0,2.0,14,0.7995,0.1185
-2.0,4.0,2.0,14,0.1165,0.963
-1.0,4.0,2.0,14,0.9665,1.0
-5.0,5.0,2.0,14,1.0,0.895
-4.0,5.0,2.0,14,0.895,0.0655
-3.0,5.0,2.0,14,0.058,0.893
-2.0,5.0,2.0,14,0.904,1.0
-1.0,5.0,2.0,14,1.0,1.0
-5.0,6.0,2.0,14,0.9455,0.068
-4.0,6.0,2.0,14,0.054,0.791
-3.0,6.0,2.0,14,0.8095,0.9995
-2.0,6.0,2.0,14,1.0,1.0
-1.0,6.0,2.0,14,1.0,1.0
-5.0,7.0,2.0,14,0.093,0.6525
-4.0,7.0,2.0,14,0.65,0.9975
-3.0,7.0,2.0,14,0.998,1.0
-2.0,7.0,2.0,14,1.0,1.0
-1.0,7.0,2.0,14,1.0,1.0
-5.0,8.0,2.0,14,0.476,0.9855
-4.0,8.0,2.0,14,0.9935,1.0
-3.0,8.0,2.0,14,1.0,1.0
-2.0,8.0,2.0,14,1.0,1.0
-1.0,8.0,2.0,14,1.0,1.0
-5.0,4.0,3.0,14,1.0,0.999
-4.0,4.0,3.0,14,1.0,0.5785
-3.0,4.0,3.0,14,0.606,0.244
-2.0,4.0,3.0,14,0.27,0.988
-1.0,4.0,3.0,14,0.9895,1.0
-5.0,5.0,3.0,14,1.0,0.692
-4.0,5.0,3.0,14,0.684,0.1595
-3.0,5.0,3.0,14,0.1775,0.9755
-2.0,5.0,3.0,14,0.9725,1.0
-1.0,5.0,3.0,14,1.0,1.0
-5.0,6.0,3.0,14,0.7765,0.1135
-4.0,6.0,3.0,14,0.1165,0.9565
-3.0,6.0,3.0,14,0.958,1.0
-2.0,6.0,3.0,14,1.0,1.0
-1.0,6.0,3.0,14,1.0,1.0
-5.0,7.0,3.0,14,0.0745,0.9115
-4.0,7.0,3.0,14,0.9255,0.9995
-3.0,7.0,3.0,14,1.0,1.0
-2.0,7.0,3.0,14,1.0,1.0
-1.0,7.0,3.0,14,1.0,1.0
-5.0,8.0,3.0,14,0.871,1.0
-4.0,8.0,3.0,14,1.0,1.0
-3.0,8.0,3.0,14,1.0,1.0
-2.0,8.0,3.0,14,1.0,1.0
-1.0,8.0,3.0,14,1.0,1.0
-5.0,4.0,-3.0,15,1.0,1.0
-4.0,4.0,-3.0,15,1.0,1.0
-3.0,4.0,-3.0,15,1.0,1.0
-2.0,4.0,-3.0,15,1.0,0.988
-1.0,4.0,-3.0,15,0.99,0.2675
-5.0,5.0,-3.0,15,1.0,1.0
-4.0,5.0,-3.0,15,1.0,1.0
-3.0,5.0,-3.0,15,1.0,1.0
-2.0,5.0,-3.0,15,1.0,0.978
-1.0,5.0,-3.0,15,0.9735,0.176
-5.0,6.0,-3.0,15,1.0,1.0
-4.0,6.0,-3.0,15,1.0,1.0
-3.0,6.0,-3.0,15,1.0,1.0
-2.0,6.0,-3.0,15,1.0,0.9465
-1.0,6.0,-3.0,15,0.9455,0.133
-5.0,7.0,-3.0,15,1.0,1.0
-4.0,7.0,-3.0,15,1.0,1.0
-3.0,7.0,-3.0,15,1.0,1.0
-2.0,7.0,-3.0,15,1.0,0.9155
-1.0,7.0,-3.0,15,0.905,0.082
-5.0,8.0,-3.0,15,1.0,1.0
-4.0,8.0,-3.0,15,1.0,1.0
-3.0,8.0,-3.0,15,1.0,1.0
-2.0,8.0,-3.0,15,1.0,0.8655
-1.0,8.0,-3.0,15,0.8605,0.0675
-5.0,4.0,-2.0,15,1.0,1.0
-4.0,4.0,-2.0,15,1.0,1.0
-3.0,4.0,-2.0,15,1.0,1.0
-2.0,4.0,-2.0,15,1.0,0.9625
-1.0,4.0,-2.0,15,0.962,0.1095
-5.0,5.0,-2.0,15,1.0,1.0
-4.0,5.0,-2.0,15,1.0,1.0
-3.0,5.0,-2.0,15,1.0,1.0
-2.0,5.0,-2.0,15,1.0,0.9015
-1.0,5.0,-2.0,15,0.9065,0.055
-5.0,6.0,-2.0,15,1.0,1.0
-4.0,6.0,-2.0,15,1.0,1.0
-3.0,6.0,-2.0,15,1.0,1.0
-2.0,6.0,-2.0,15,1.0,0.7965
-1.0,6.0,-2.0,15,0.794,0.064
-5.0,7.0,-2.0,15,1.0,1.0
-4.0,7.0,-2.0,15,1.0,1.0
-3.0,7.0,-2.0,15,1.0,0.997
-2.0,7.0,-2.0,15,0.9975,0.6515
-1.0,7.0,-2.0,15,0.6565,0.0885
-5.0,8.0,-2.0,15,1.0,1.0
-4.0,8.0,-2.0,15,1.0,1.0
-3.0,8.0,-2.0,15,1.0,0.991
-2.0,8.0,-2.0,15,0.992,0.5005
-1.0,8.0,-2.0,15,0.5155,0.1385
-5.0,4.0,-1.0,15,1.0,1.0
-4.0,4.0,-1.0,15,1.0,1.0
-3.0,4.0,-1.0,15,1.0,1.0
-2.0,4.0,-1.0,15,0.999,0.755
-1.0,4.0,-1.0,15,0.754,0.0935
-5.0,5.0,-1.0,15,1.0,1.0
-4.0,5.0,-1.0,15,1.0,1.0
-3.0,5.0,-1.0,15,1.0,0.9975
-2.0,5.0,-1.0,15,0.9965,0.4415
-1.0,5.0,-1.0,15,0.42,0.295
-5.0,6.0,-1.0,15,1.0,1.0
-4.0,6.0,-1.0,15,1.0,1.0
-3.0,6.0,-1.0,15,1.0,0.9645
-2.0,6.0,-1.0,15,0.967,0.1835
-1.0,6.0,-1.0,15,0.1685,0.5495
-5.0,7.0,-1.0,15,1.0,1.0
-4.0,7.0,-1.0,15,1.0,1.0
-3.0,7.0,-1.0,15,1.0,0.8375
-2.0,7.0,-1.0,15,0.829,0.0635
-1.0,7.0,-1.0,15,0.0595,0.7435
-5.0,8.0,-1.0,15,1.0,1.0
-4.0,8.0,-1.0,15,1.0,0.993
-3.0,8.0,-1.0,15,0.9875,0.557
-2.0,8.0,-1.0,15,0.5555,0.0545
-1.0,8.0,-1.0,15,0.0595,0.86
-5.0,4.0,0.0,15,1.0,1.0
-4.0,4.0,0.0,15,1.0,1.0
-3.0,4.0,0.0,15,1.0,0.9105
-2.0,4.0,0.0,15,0.9135,0.0505
-1.0,4.0,0.0,15,0.047,0.909
-5.0,5.0,0.0,15,1.0,1.0
-4.0,5.0,0.0,15,1.0,0.997
-3.0,5.0,0.0,15,0.9955,0.357
-2.0,5.0,0.0,15,0.3455,0.3495
-1.0,5.0,0.0,15,0.3385,0.995
-5.0,6.0,0.0,15,1.0,1.0
-4.0,6.0,0.0,15,0.9995,0.8295
-3.0,6.0,0.0,15,0.832,0.0515
-2.0,6.0,0.0,15,0.049,0.8335
-1.0,6.0,0.0,15,0.8325,1.0
-5.0,7.0,0.0,15,1.0,0.981
-4.0,7.0,0.0,15,0.9805,0.2665
-3.0,7.0,0.0,15,0.272,0.2515
-2.0,7.0,0.0,15,0.262,0.9805
-1.0,7.0,0.0,15,0.98,1.0
-5.0,8.0,0.0,15,0.999,0.7015
-4.0,8.0,0.0,15,0.687,0.056
-3.0,8.0,0.0,15,0.061,0.6945
-2.0,8.0,0.0,15,0.7025,1.0
-1.0,8.0,0.0,15,0.999,1.0
-5.0,4.0,1.0,15,1.0,1.0
-4.0,4.0,1.0,15,1.0,0.9835
-3.0,4.0,1.0,15,0.9825,0.091
-2.0,4.0,1.0,15,0.093,0.76
-1.0,4.0,1.0,15,0.7455,1.0
-5.0,5.0,1.0,15,1.0,0.997
-4.0,5.0,1.0,15,0.995,0.28
-3.0,5.0,1.0,15,0.2635,0.4295
-2.0,5.0,1.0,15,0.4445,0.994
-1.0,5.0,1.0,15,0.998,1.0
-5.0,6.0,1.0,15,0.9995,0.5285
-4.0,6.0,1.0,15,0.538,0.1555
-3.0,6.0,1.0,15,0.1715,0.957
-2.0,6.0,1.0,15,0.9595,1.0
-1.0,6.0,1.0,15,1.0,1.0
-5.0,7.0,1.0,15,0.739,0.0545
-4.0,7.0,1.0,15,0.0625,0.837
-3.0,7.0,1.0,15,0.8085,0.999
-2.0,7.0,1.0,15,1.0,1.0
-1.0,7.0,1.0,15,1.0,1.0
-5.0,8.0,1.0,15,0.0565,0.554
-4.0,8.0,1.0,15,0.5515,0.9895
-3.0,8.0,1.0,15,0.9855,1.0
-2.0,8.0,1.0,15,1.0,1.0
-1.0,8.0,1.0,15,1.0,1.0
-5.0,4.0,2.0,15,1.0,1.0
-4.0,4.0,2.0,15,1.0,0.8175
-3.0,4.0,2.0,15,0.806,0.097
-2.0,4.0,2.0,15,0.0925,0.9665
-1.0,4.0,2.0,15,0.9655,1.0
-5.0,5.0,2.0,15,1.0,0.9095
-4.0,5.0,2.0,15,0.9,0.059
-3.0,5.0,2.0,15,0.06,0.889
-2.0,5.0,2.0,15,0.8995,1.0
-1.0,5.0,2.0,15,1.0,1.0
-5.0,6.0,2.0,15,0.947,0.0495
-4.0,6.0,2.0,15,0.0605,0.794
-3.0,6.0,2.0,15,0.7975,0.999
-2.0,6.0,2.0,15,0.9995,1.0
-1.0,6.0,2.0,15,1.0,1.0
-5.0,7.0,2.0,15,0.085,0.637
-4.0,7.0,2.0,15,0.639,0.998
-3.0,7.0,2.0,15,0.9995,1.0
-2.0,7.0,2.0,15,1.0,1.0
-1.0,7.0,2.0,15,1.0,1.0
-5.0,8.0,2.0,15,0.486,0.993
-4.0,8.0,2.0,15,0.9905,1.0
-3.0,8.0,2.0,15,1.0,1.0
-2.0,8.0,2.0,15,1.0,1.0
-1.0,8.0,2.0,15,1.0,1.0
-5.0,4.0,3.0,15,1.0,0.9995
-4.0,4.0,3.0,15,0.9995,0.578
-3.0,4.0,3.0,15,0.563,0.2735
-2.0,4.0,3.0,15,0.2555,0.9875
-1.0,4.0,3.0,15,0.9915,1.0
-5.0,5.0,3.0,15,1.0,0.673
-4.0,5.0,3.0,15,0.675,0.1675
-3.0,5.0,3.0,15,0.1685,0.9795
-2.0,5.0,3.0,15,0.9775,1.0
-1.0,5.0,3.0,15,1.0,1.0
-5.0,6.0,3.0,15,0.766,0.1165
-4.0,6.0,3.0,15,0.118,0.9535
-3.0,6.0,3.0,15,0.9585,1.0
-2.0,6.0,3.0,15,1.0,1.0
-1.0,6.0,3.0,15,1.0,1.0
-5.0,7.0,3.0,15,0.08,0.9145
-4.0,7.0,3.0,15,0.9135,0.9995
-3.0,7.0,3.0,15,1.0,1.0
-2.0,7.0,3.0,15,1.0,1.0
-1.0,7.0,3.0,15,1.0,1.0
-5.0,8.0,3.0,15,0.8695,0.9995
-4.0,8.0,3.0,15,0.9995,1.0
-3.0,8.0,3.0,15,1.0,1.0
-2.0,8.0,3.0,15,1.0,1.0
-1.0,8.0,3.0,15,1.0,1.0
-5.0,4.0,-3.0,20,1.0,1.0
-4.0,4.0,-3.0,20,1.0,1.0
-3.0,4.0,-3.0,20,1.0,1.0
-2.0,4.0,-3.0,20,1.0,0.9905
-1.0,4.0,-3.0,20,0.993,0.285
-5.0,5.0,-3.0,20,1.0,1.0
-4.0,5.0,-3.0,20,1.0,1.0
-3.0,5.0,-3.0,20,1.0,1.0
-2.0,5.0,-3.0,20,1.0,0.98
-1.0,5.0,-3.0,20,0.9795,0.1815
-5.0,6.0,-3.0,20,1.0,1.0
-4.0,6.0,-3.0,20,1.0,1.0
-3.0,6.0,-3.0,20,1.0,1.0
-2.0,6.0,-3.0,20,1.0,0.947
-1.0,6.0,-3.0,20,0.9565,0.114
-5.0,7.0,-3.0,20,1.0,1.0
-4.0,7.0,-3.0,20,1.0,1.0
-3.0,7.0,-3.0,20,1.0,1.0
-2.0,7.0,-3.0,20,1.0,0.9275
-1.0,7.0,-3.0,20,0.9185,0.0815
-5.0,8.0,-3.0,20,1.0,1.0
-4.0,8.0,-3.0,20,1.0,1.0
-3.0,8.0,-3.0,20,1.0,1.0
-2.0,8.0,-3.0,20,0.999,0.8595
-1.0,8.0,-3.0,20,0.868,0.0665
-5.0,4.0,-2.0,20,1.0,1.0
-4.0,4.0,-2.0,20,1.0,1.0
-3.0,4.0,-2.0,20,1.0,1.0
-2.0,4.0,-2.0,20,1.0,0.97
-1.0,4.0,-2.0,20,0.964,0.105
-5.0,5.0,-2.0,20,1.0,1.0
-4.0,5.0,-2.0,20,1.0,1.0
-3.0,5.0,-2.0,20,1.0,1.0
-2.0,5.0,-2.0,20,1.0,0.914
-1.0,5.0,-2.0,20,0.905,0.052
-5.0,6.0,-2.0,20,1.0,1.0
-4.0,6.0,-2.0,20,1.0,1.0
-3.0,6.0,-2.0,20,1.0,0.999
-2.0,6.0,-2.0,20,0.999,0.7975
-1.0,6.0,-2.0,20,0.7915,0.059
-5.0,7.0,-2.0,20,1.0,1.0
-4.0,7.0,-2.0,20,1.0,1.0
-3.0,7.0,-2.0,20,1.0,0.998
-2.0,7.0,-2.0,20,0.998,0.6575
-1.0,7.0,-2.0,20,0.652,0.0865
-5.0,8.0,-2.0,20,1.0,1.0
-4.0,8.0,-2.0,20,1.0,1.0
-3.0,8.0,-2.0,20,1.0,0.992
-2.0,8.0,-2.0,20,0.994,0.508
-1.0,8.0,-2.0,20,0.5105,0.1515
-5.0,4.0,-1.0,20,1.0,1.0
-4.0,4.0,-1.0,20,1.0,1.0
-3.0,4.0,-1.0,20,1.0,0.9995
-2.0,4.0,-1.0,20,1.0,0.7565
-1.0,4.0,-1.0,20,0.7685,0.094
-5.0,5.0,-1.0,20,1.0,1.0
-4.0,5.0,-1.0,20,1.0,1.0
-3.0,5.0,-1.0,20,1.0,0.997
-2.0,5.0,-1.0,20,0.996,0.4275
-1.0,5.0,-1.0,20,0.4325,0.2685
-5.0,6.0,-1.0,20,1.0,1.0
-4.0,6.0,-1.0,20,1.0,1.0
-3.0,6.0,-1.0,20,1.0,0.96
-2.0,6.0,-1.0,20,0.9615,0.173
-1.0,6.0,-1.0,20,0.188,0.516
-5.0,7.0,-1.0,20,1.0,1.0
-4.0,7.0,-1.0,20,1.0,1.0
-3.0,7.0,-1.0,20,1.0,0.8135
-2.0,7.0,-1.0,20,0.825,0.058
-1.0,7.0,-1.0,20,0.06,0.738
-5.0,8.0,-1.0,20,1.0,1.0
-4.0,8.0,-1.0,20,1.0,0.991
-3.0,8.0,-1.0,20,0.986,0.559
-2.0,8.0,-1.0,20,0.571,0.0595
-1.0,8.0,-1.0,20,0.058,0.8685
-5.0,4.0,0.0,20,1.0,1.0
-4.0,4.0,0.0,20,1.0,1.0
-3.0,4.0,0.0,20,1.0,0.9095
-2.0,4.0,0.0,20,0.921,0.0485
-1.0,4.0,0.0,20,0.0525,0.9245
-5.0,5.0,0.0,20,1.0,1.0
-4.0,5.0,0.0,20,1.0,0.996
-3.0,5.0,0.0,20,0.9975,0.34
-2.0,5.0,0.0,20,0.3815,0.3365
-1.0,5.0,0.0,20,0.352,0.998
-5.0,6.0,0.0,20,1.0,1.0
-4.0,6.0,0.0,20,1.0,0.8165
-3.0,6.0,0.0,20,0.8415,0.0485
-2.0,6.0,0.0,20,0.0515,0.8345
-1.0,6.0,0.0,20,0.8135,1.0
-5.0,7.0,0.0,20,1.0,0.9765
-4.0,7.0,0.0,20,0.9815,0.276
-3.0,7.0,0.0,20,0.2605,0.259
-2.0,7.0,0.0,20,0.268,0.983
-1.0,7.0,0.0,20,0.9845,1.0
-5.0,8.0,0.0,20,0.998,0.702
-4.0,8.0,0.0,20,0.6975,0.0485
-3.0,8.0,0.0,20,0.0495,0.691
-2.0,8.0,0.0,20,0.6805,0.9975
-1.0,8.0,0.0,20,0.9985,1.0
-5.0,4.0,1.0,20,1.0,1.0
-4.0,4.0,1.0,20,1.0,0.976
-3.0,4.0,1.0,20,0.9715,0.088
-2.0,4.0,1.0,20,0.096,0.774
-1.0,4.0,1.0,20,0.7565,0.9995
-5.0,5.0,1.0,20,1.0,0.997
-4.0,5.0,1.0,20,0.997,0.256
-3.0,5.0,1.0,20,0.2805,0.4475
-2.0,5.0,1.0,20,0.4295,0.9965
-1.0,5.0,1.0,20,0.996,1.0
-5.0,6.0,1.0,20,0.9995,0.519
-4.0,6.0,1.0,20,0.518,0.1815
-3.0,6.0,1.0,20,0.1605,0.9605
-2.0,6.0,1.0,20,0.9615,1.0
-1.0,6.0,1.0,20,1.0,1.0
-5.0,7.0,1.0,20,0.7415,0.063
-4.0,7.0,1.0,20,0.0675,0.822
-3.0,7.0,1.0,20,0.8175,1.0
-2.0,7.0,1.0,20,1.0,1.0
-1.0,7.0,1.0,20,1.0,1.0
-5.0,8.0,1.0,20,0.054,0.5515
-4.0,8.0,1.0,20,0.559,0.9915
-3.0,8.0,1.0,20,0.9915,1.0
-2.0,8.0,1.0,20,1.0,1.0
-1.0,8.0,1.0,20,1.0,1.0
-5.0,4.0,2.0,20,1.0,1.0
-4.0,4.0,2.0,20,1.0,0.802
-3.0,4.0,2.0,20,0.7995,0.108
-2.0,4.0,2.0,20,0.1175,0.97
-1.0,4.0,2.0,20,0.9655,1.0
-5.0,5.0,2.0,20,1.0,0.892
-4.0,5.0,2.0,20,0.8995,0.056
-3.0,5.0,2.0,20,0.052,0.908
-2.0,5.0,2.0,20,0.9055,1.0
-1.0,5.0,2.0,20,1.0,1.0
-5.0,6.0,2.0,20,0.9545,0.058
-4.0,6.0,2.0,20,0.056,0.806
-3.0,6.0,2.0,20,0.7965,0.999
-2.0,6.0,2.0,20,0.9985,1.0
-1.0,6.0,2.0,20,1.0,1.0
-5.0,7.0,2.0,20,0.086,0.6845
-4.0,7.0,2.0,20,0.6665,0.9955
-3.0,7.0,2.0,20,0.999,1.0
-2.0,7.0,2.0,20,1.0,1.0
-1.0,7.0,2.0,20,1.0,1.0
-5.0,8.0,2.0,20,0.519,0.9935
-4.0,8.0,2.0,20,0.989,1.0
-3.0,8.0,2.0,20,1.0,1.0
-2.0,8.0,2.0,20,1.0,1.0
-1.0,8.0,2.0,20,1.0,1.0
-5.0,4.0,3.0,20,1.0,0.9995
-4.0,4.0,3.0,20,1.0,0.5675
-3.0,4.0,3.0,20,0.5625,0.268
-2.0,4.0,3.0,20,0.2675,0.992
-1.0,4.0,3.0,20,0.9915,1.0
-5.0,5.0,3.0,20,0.999,0.6765
-4.0,5.0,3.0,20,0.666,0.174
-3.0,5.0,3.0,20,0.1865,0.9745
-2.0,5.0,3.0,20,0.974,1.0
-1.0,5.0,3.0,20,1.0,1.0
-5.0,6.0,3.0,20,0.7585,0.121
-4.0,6.0,3.0,20,0.124,0.9535
-3.0,6.0,3.0,20,0.9425,1.0
-2.0,6.0,3.0,20,1.0,1.0
-1.0,6.0,3.0,20,1.0,1.0
-5.0,7.0,3.0,20,0.0835,0.9185
-4.0,7.0,3.0,20,0.919,0.9995
-3.0,7.0,3.0,20,1.0,1.0
-2.0,7.0,3.0,20,1.0,1.0
-1.0,7.0,3.0,20,1.0,1.0
-5.0,8.0,3.0,20,0.875,0.9995
-4.0,8.0,3.0,20,0.9995,1.0
-3.0,8.0,3.0,20,1.0,1.0
-2.0,8.0,3.0,20,1.0,1.0
-1.0,8.0,3.0,20,1.0,1.0
-5.0,4.0,-3.0,50,1.0,1.0
-4.0,4.0,-3.0,50,1.0,1.0
-3.0,4.0,-3.0,50,1.0,1.0
-2.0,4.0,-3.0,50,1.0,0.991
-1.0,4.0,-3.0,50,0.9955,0.283
-5.0,5.0,-3.0,50,1.0,1.0
-4.0,5.0,-3.0,50,1.0,1.0
-3.0,5.0,-3.0,50,1.0,1.0
-2.0,5.0,-3.0,50,1.0,0.983
-1.0,5.0,-3.0,50,0.9765,0.1815
-5.0,6.0,-3.0,50,1.0,1.0
-4.0,6.0,-3.0,50,1.0,1.0
-3.0,6.0,-3.0,50,1.0,1.0
-2.0,6.0,-3.0,50,1.0,0.953
-1.0,6.0,-3.0,50,0.9565,0.121
-5.0,7.0,-3.0,50,1.0,1.0
-4.0,7.0,-3.0,50,1.0,1.0
-3.0,7.0,-3.0,50,1.0,1.0
-2.0,7.0,-3.0,50,1.0,0.915
-1.0,7.0,-3.0,50,0.935,0.0835
-5.0,8.0,-3.0,50,1.0,1.0
-4.0,8.0,-3.0,50,1.0,1.0
-3.0,8.0,-3.0,50,1.0,1.0
-2.0,8.0,-3.0,50,0.9995,0.8615
-1.0,8.0,-3.0,50,0.8665,0.0665
-5.0,4.0,-2.0,50,1.0,1.0
-4.0,4.0,-2.0,50,1.0,1.0
-3.0,4.0,-2.0,50,1.0,1.0
-2.0,4.0,-2.0,50,1.0,0.9735
-1.0,4.0,-2.0,50,0.9655,0.1095
-5.0,5.0,-2.0,50,1.0,1.0
-4.0,5.0,-2.0,50,1.0,1.0
-3.0,5.0,-2.0,50,1.0,1.0
-2.0,5.0,-2.0,50,1.0,0.917
-1.0,5.0,-2.0,50,0.914,0.0665
-5.0,6.0,-2.0,50,1.0,1.0
-4.0,6.0,-2.0,50,1.0,1.0
-3.0,6.0,-2.0,50,1.0,0.9995
-2.0,6.0,-2.0,50,0.9995,0.793
-1.0,6.0,-2.0,50,0.809,0.0435
-5.0,7.0,-2.0,50,1.0,1.0
-4.0,7.0,-2.0,50,1.0,1.0
-3.0,7.0,-2.0,50,1.0,1.0
-2.0,7.0,-2.0,50,0.9965,0.66
-1.0,7.0,-2.0,50,0.658,0.0945
-5.0,8.0,-2.0,50,1.0,1.0
-4.0,8.0,-2.0,50,1.0,1.0
-3.0,8.0,-2.0,50,1.0,0.9935
-2.0,8.0,-2.0,50,0.989,0.5105
-1.0,8.0,-2.0,50,0.508,0.1435
-5.0,4.0,-1.0,50,1.0,1.0
-4.0,4.0,-1.0,50,1.0,1.0
-3.0,4.0,-1.0,50,1.0,1.0
-2.0,4.0,-1.0,50,1.0,0.7765
-1.0,4.0,-1.0,50,0.7755,0.095
-5.0,5.0,-1.0,50,1.0,1.0
-4.0,5.0,-1.0,50,1.0,1.0
-3.0,5.0,-1.0,50,1.0,0.9955
-2.0,5.0,-1.0,50,0.9995,0.45
-1.0,5.0,-1.0,50,0.4465,0.263
-5.0,6.0,-1.0,50,1.0,1.0
-4.0,6.0,-1.0,50,1.0,1.0
-3.0,6.0,-1.0,50,1.0,0.9665
-2.0,6.0,-1.0,50,0.9685,0.188
-1.0,6.0,-1.0,50,0.197,0.5265
-5.0,7.0,-1.0,50,1.0,1.0
-4.0,7.0,-1.0,50,1.0,0.9985
-3.0,7.0,-1.0,50,1.0,0.8345
-2.0,7.0,-1.0,50,0.8145,0.073
-1.0,7.0,-1.0,50,0.0595,0.7075
-5.0,8.0,-1.0,50,1.0,1.0
-4.0,8.0,-1.0,50,1.0,0.99
-3.0,8.0,-1.0,50,0.988,0.556
-2.0,8.0,-1.0,50,0.571,0.0585
-1.0,8.0,-1.0,50,0.066,0.8665
-5.0,4.0,0.0,50,1.0,1.0
-4.0,4.0,0.0,50,1.0,1.0
-3.0,4.0,0.0,50,1.0,0.923
-2.0,4.0,0.0,50,0.919,0.054
-1.0,4.0,0.0,50,0.047,0.9225
-5.0,5.0,0.0,50,1.0,1.0
-4.0,5.0,0.0,50,1.0,0.999
-3.0,5.0,0.0,50,0.9975,0.3505
-2.0,5.0,0.0,50,0.356,0.35
-1.0,5.0,0.0,50,0.3405,0.997
-5.0,6.0,0.0,50,1.0,1.0
-4.0,6.0,0.0,50,1.0,0.8385
-3.0,6.0,0.0,50,0.845,0.0375
-2.0,6.0,0.0,50,0.049,0.841
-1.0,6.0,0.0,50,0.813,0.9995
-5.0,7.0,0.0,50,1.0,0.981
-4.0,7.0,0.0,50,0.9805,0.2585
-3.0,7.0,0.0,50,0.2695,0.2595
-2.0,7.0,0.0,50,0.2625,0.9815
-1.0,7.0,0.0,50,0.9805,1.0
-5.0,8.0,0.0,50,0.9985,0.7045
-4.0,8.0,0.0,50,0.685,0.0565
-3.0,8.0,0.0,50,0.0595,0.6845
-2.0,8.0,0.0,50,0.7065,0.9985
-1.0,8.0,0.0,50,0.998,1.0
-5.0,4.0,1.0,50,1.0,1.0
-4.0,4.0,1.0,50,1.0,0.986
-3.0,4.0,1.0,50,0.979,0.0935
-2.0,4.0,1.0,50,0.0875,0.772
-1.0,4.0,1.0,50,0.773,1.0
-5.0,5.0,1.0,50,1.0,0.998
-4.0,5.0,1.0,50,0.9965,0.279
-3.0,5.0,1.0,50,0.2695,0.446
-2.0,5.0,1.0,50,0.428,0.995
-1.0,5.0,1.0,50,0.9955,1.0
-5.0,6.0,1.0,50,1.0,0.525
-4.0,6.0,1.0,50,0.521,0.1815
-3.0,6.0,1.0,50,0.1795,0.9705
-2.0,6.0,1.0,50,0.9695,1.0
-1.0,6.0,1.0,50,1.0,1.0
-5.0,7.0,1.0,50,0.7265,0.0815
-4.0,7.0,1.0,50,0.058,0.835
-3.0,7.0,1.0,50,0.8295,1.0
-2.0,7.0,1.0,50,1.0,1.0
-1.0,7.0,1.0,50,1.0,1.0
-5.0,8.0,1.0,50,0.0585,0.5755
-4.0,8.0,1.0,50,0.56,0.9905
-3.0,8.0,1.0,50,0.991,1.0
-2.0,8.0,1.0,50,1.0,1.0
-1.0,8.0,1.0,50,1.0,1.0
-5.0,4.0,2.0,50,1.0,1.0
-4.0,4.0,2.0,50,1.0,0.806
-3.0,4.0,2.0,50,0.7955,0.113
-2.0,4.0,2.0,50,0.118,0.9655
-1.0,4.0,2.0,50,0.974,1.0
-5.0,5.0,2.0,50,1.0,0.876
-4.0,5.0,2.0,50,0.8895,0.0585
-3.0,5.0,2.0,50,0.062,0.9095
-2.0,5.0,2.0,50,0.9145,1.0
-1.0,5.0,2.0,50,1.0,1.0
-5.0,6.0,2.0,50,0.9445,0.054
-4.0,6.0,2.0,50,0.0675,0.819
-3.0,6.0,2.0,50,0.82,1.0
-2.0,6.0,2.0,50,1.0,1.0
-1.0,6.0,2.0,50,1.0,1.0
-5.0,7.0,2.0,50,0.0825,0.64
-4.0,7.0,2.0,50,0.658,0.9995
-3.0,7.0,2.0,50,0.9985,1.0
-2.0,7.0,2.0,50,1.0,1.0
-1.0,7.0,2.0,50,1.0,1.0
-5.0,8.0,2.0,50,0.5275,0.9935
-4.0,8.0,2.0,50,0.9945,1.0
-3.0,8.0,2.0,50,1.0,1.0
-2.0,8.0,2.0,50,1.0,1.0
-1.0,8.0,2.0,50,1.0,1.0
-5.0,4.0,3.0,50,1.0,0.9995
-4.0,4.0,3.0,50,1.0,0.5565
-3.0,4.0,3.0,50,0.549,0.259
-2.0,4.0,3.0,50,0.279,0.99
-1.0,4.0,3.0,50,0.9955,1.0
-5.0,5.0,3.0,50,1.0,0.648
-4.0,5.0,3.0,50,0.676,0.1905
-3.0,5.0,3.0,50,0.1955,0.9815
-2.0,5.0,3.0,50,0.9735,1.0
-1.0,5.0,3.0,50,1.0,1.0
-5.0,6.0,3.0,50,0.7395,0.122
-4.0,6.0,3.0,50,0.127,0.9575
-3.0,6.0,3.0,50,0.9625,1.0
-2.0,6.0,3.0,50,1.0,1.0
-1.0,6.0,3.0,50,1.0,1.0
-5.0,7.0,3.0,50,0.0905,0.9185
-4.0,7.0,3.0,50,0.9245,1.0
-3.0,7.0,3.0,50,1.0,1.0
-2.0,7.0,3.0,50,1.0,1.0
-1.0,7.0,3.0,50,1.0,1.0
-5.0,8.0,3.0,50,0.8695,0.9995
-4.0,8.0,3.0,50,1.0,1.0
-3.0,8.0,3.0,50,1.0,1.0
-2.0,8.0,3.0,50,1.0,1.0
-1.0,8.0,3.0,50,1.0,1.0
-5.0,4.0,-3.0,80,1.0,1.0
-4.0,4.0,-3.0,80,1.0,1.0
-3.0,4.0,-3.0,80,1.0,1.0
-2.0,4.0,-3.0,80,1.0,0.992
-1.0,4.0,-3.0,80,0.993,0.271
-5.0,5.0,-3.0,80,1.0,1.0
-4.0,5.0,-3.0,80,1.0,1.0
-3.0,5.0,-3.0,80,1.0,1.0
-2.0,5.0,-3.0,80,1.0,0.9805
-1.0,5.0,-3.0,80,0.9835,0.1995
-5.0,6.0,-3.0,80,1.0,1.0
-4.0,6.0,-3.0,80,1.0,1.0
-3.0,6.0,-3.0,80,1.0,1.0
-2.0,6.0,-3.0,80,1.0,0.9625
-1.0,6.0,-3.0,80,0.9575,0.1275
-5.0,7.0,-3.0,80,1.0,1.0
-4.0,7.0,-3.0,80,1.0,1.0
-3.0,7.0,-3.0,80,1.0,1.0
-2.0,7.0,-3.0,80,1.0,0.923
-1.0,7.0,-3.0,80,0.9185,0.09
-5.0,8.0,-3.0,80,1.0,1.0
-4.0,8.0,-3.0,80,1.0,1.0
-3.0,8.0,-3.0,80,1.0,1.0
-2.0,8.0,-3.0,80,1.0,0.877
-1.0,8.0,-3.0,80,0.881,0.0635
-5.0,4.0,-2.0,80,1.0,1.0
-4.0,4.0,-2.0,80,1.0,1.0
-3.0,4.0,-2.0,80,1.0,1.0
-2.0,4.0,-2.0,80,1.0,0.9695
-1.0,4.0,-2.0,80,0.9645,0.105
-5.0,5.0,-2.0,80,1.0,1.0
-4.0,5.0,-2.0,80,1.0,1.0
-3.0,5.0,-2.0,80,1.0,1.0
-2.0,5.0,-2.0,80,1.0,0.8935
-1.0,5.0,-2.0,80,0.92,0.055
-5.0,6.0,-2.0,80,1.0,1.0
-4.0,6.0,-2.0,80,1.0,1.0
-3.0,6.0,-2.0,80,1.0,1.0
-2.0,6.0,-2.0,80,0.999,0.816
-1.0,6.0,-2.0,80,0.8145,0.063
-5.0,7.0,-2.0,80,1.0,1.0
-4.0,7.0,-2.0,80,1.0,1.0
-3.0,7.0,-2.0,80,1.0,0.9975
-2.0,7.0,-2.0,80,0.9985,0.6555
-1.0,7.0,-2.0,80,0.65,0.092
-5.0,8.0,-2.0,80,1.0,1.0
-4.0,8.0,-2.0,80,1.0,1.0
-3.0,8.0,-2.0,80,1.0,0.994
-2.0,8.0,-2.0,80,0.992,0.4875
-1.0,8.0,-2.0,80,0.5125,0.15
-5.0,4.0,-1.0,80,1.0,1.0
-4.0,4.0,-1.0,80,1.0,1.0
-3.0,4.0,-1.0,80,1.0,1.0
-2.0,4.0,-1.0,80,1.0,0.7615
-1.0,4.0,-1.0,80,0.7605,0.087
-5.0,5.0,-1.0,80,1.0,1.0
-4.0,5.0,-1.0,80,1.0,1.0
-3.0,5.0,-1.0,80,1.0,0.9955
-2.0,5.0,-1.0,80,0.9965,0.4625
-1.0,5.0,-1.0,80,0.423,0.287
-5.0,6.0,-1.0,80,1.0,1.0
-4.0,6.0,-1.0,80,1.0,1.0
-3.0,6.0,-1.0,80,1.0,0.962
-2.0,6.0,-1.0,80,0.963,0.174
-1.0,6.0,-1.0,80,0.1905,0.5245
-5.0,7.0,-1.0,80,1.0,1.0
-4.0,7.0,-1.0,80,1.0,0.9995
-3.0,7.0,-1.0,80,0.9995,0.814
-2.0,7.0,-1.0,80,0.8225,0.0575
-1.0,7.0,-1.0,80,0.062,0.739
-5.0,8.0,-1.0,80,1.0,1.0
-4.0,8.0,-1.0,80,1.0,0.9885
-3.0,8.0,-1.0,80,0.9905,0.563
-2.0,8.0,-1.0,80,0.586,0.052
-1.0,8.0,-1.0,80,0.0595,0.8785
-5.0,4.0,0.0,80,1.0,1.0
-4.0,4.0,0.0,80,1.0,1.0
-3.0,4.0,0.0,80,1.0,0.922
-2.0,4.0,0.0,80,0.9215,0.0575
-1.0,4.0,0.0,80,0.0555,0.9225
-5.0,5.0,0.0,80,1.0,1.0
-4.0,5.0,0.0,80,1.0,0.996
-3.0,5.0,0.0,80,0.9975,0.3585
-2.0,5.0,0.0,80,0.334,0.3445
-1.0,5.0,0.0,80,0.346,0.997
-5.0,6.0,0.0,80,1.0,1.0
-4.0,6.0,0.0,80,1.0,0.822
-3.0,6.0,0.0,80,0.8085,0.0545
-2.0,6.0,0.0,80,0.045,0.836
-1.0,6.0,0.0,80,0.829,1.0
-5.0,7.0,0.0,80,1.0,0.9775
-4.0,7.0,0.0,80,0.98,0.2885
-3.0,7.0,0.0,80,0.2645,0.293
-2.0,7.0,0.0,80,0.267,0.9805
-1.0,7.0,0.0,80,0.98,1.0
-5.0,8.0,0.0,80,0.9975,0.694
-4.0,8.0,0.0,80,0.7135,0.054
-3.0,8.0,0.0,80,0.0425,0.723
-2.0,8.0,0.0,80,0.689,0.9975
-1.0,8.0,0.0,80,0.9985,1.0
-5.0,4.0,1.0,80,1.0,1.0
-4.0,4.0,1.0,80,1.0,0.981
-3.0,4.0,1.0,80,0.9785,0.0945
-2.0,4.0,1.0,80,0.0925,0.7705
-1.0,4.0,1.0,80,0.7765,1.0
-5.0,5.0,1.0,80,1.0,0.9975
-4.0,5.0,1.0,80,0.995,0.2815
-3.0,5.0,1.0,80,0.285,0.422
-2.0,5.0,1.0,80,0.4385,0.9975
-1.0,5.0,1.0,80,0.997,1.0
-5.0,6.0,1.0,80,0.999,0.529
-4.0,6.0,1.0,80,0.51,0.1665
-3.0,6.0,1.0,80,0.1625,0.9675
-2.0,6.0,1.0,80,0.964,1.0
-1.0,6.0,1.0,80,1.0,1.0
-5.0,7.0,1.0,80,0.7345,0.055
-4.0,7.0,1.0,80,0.06,0.841
-3.0,7.0,1.0,80,0.817,1.0
-2.0,7.0,1.0,80,0.9995,1.0
-1.0,7.0,1.0,80,1.0,1.0
-5.0,8.0,1.0,80,0.059,0.5685
-4.0,8.0,1.0,80,0.553,0.9925
-3.0,8.0,1.0,80,0.9915,1.0
-2.0,8.0,1.0,80,1.0,1.0
-1.0,8.0,1.0,80,1.0,1.0
-5.0,4.0,2.0,80,1.0,1.0
-4.0,4.0,2.0,80,1.0,0.7905
-3.0,4.0,2.0,80,0.796,0.112
-2.0,4.0,2.0,80,0.1255,0.9695
-1.0,4.0,2.0,80,0.9695,1.0
-5.0,5.0,2.0,80,1.0,0.878
-4.0,5.0,2.0,80,0.8925,0.0595
-3.0,5.0,2.0,80,0.0725,0.915
-2.0,5.0,2.0,80,0.901,1.0
-1.0,5.0,2.0,80,1.0,1.0
-5.0,6.0,2.0,80,0.936,0.0615
-4.0,6.0,2.0,80,0.0555,0.801
-3.0,6.0,2.0,80,0.8125,0.9995
-2.0,6.0,2.0,80,1.0,1.0
-1.0,6.0,2.0,80,1.0,1.0
-5.0,7.0,2.0,80,0.091,0.647
-4.0,7.0,2.0,80,0.6545,0.998
-3.0,7.0,2.0,80,0.999,1.0
-2.0,7.0,2.0,80,1.0,1.0
-1.0,7.0,2.0,80,1.0,1.0
-5.0,8.0,2.0,80,0.5245,0.993
-4.0,8.0,2.0,80,0.9895,1.0
-3.0,8.0,2.0,80,1.0,1.0
-2.0,8.0,2.0,80,1.0,1.0
-1.0,8.0,2.0,80,1.0,1.0
-5.0,4.0,3.0,80,1.0,1.0
-4.0,4.0,3.0,80,0.999,0.574
-3.0,4.0,3.0,80,0.5475,0.2795
-2.0,4.0,3.0,80,0.292,0.9945
-1.0,4.0,3.0,80,0.9925,1.0
-5.0,5.0,3.0,80,1.0,0.661
-4.0,5.0,3.0,80,0.6545,0.1885
-3.0,5.0,3.0,80,0.1945,0.9805
-2.0,5.0,3.0,80,0.9815,1.0
-1.0,5.0,3.0,80,1.0,1.0
-5.0,6.0,3.0,80,0.7415,0.1275
-4.0,6.0,3.0,80,0.1195,0.9555
-3.0,6.0,3.0,80,0.951,1.0
-2.0,6.0,3.0,80,1.0,1.0
-1.0,6.0,3.0,80,1.0,1.0
-5.0,7.0,3.0,80,0.094,0.9295
-4.0,7.0,3.0,80,0.9145,1.0
-3.0,7.0,3.0,80,1.0,1.0
-2.0,7.0,3.0,80,1.0,1.0
-1.0,7.0,3.0,80,1.0,1.0
-5.0,8.0,3.0,80,0.8785,0.9995
-4.0,8.0,3.0,80,0.9995,1.0
-3.0,8.0,3.0,80,1.0,1.0
-2.0,8.0,3.0,80,1.0,1.0
-1.0,8.0,3.0,80,1.0,1.0
-5.0,4.0,-3.0,100,1.0,1.0
-4.0,4.0,-3.0,100,1.0,1.0
-3.0,4.0,-3.0,100,1.0,1.0
-2.0,4.0,-3.0,100,1.0,0.9915
-1.0,4.0,-3.0,100,0.9915,0.293
-5.0,5.0,-3.0,100,1.0,1.0
-4.0,5.0,-3.0,100,1.0,1.0
-3.0,5.0,-3.0,100,1.0,1.0
-2.0,5.0,-3.0,100,1.0,0.9765
-1.0,5.0,-3.0,100,0.978,0.1835
-5.0,6.0,-3.0,100,1.0,1.0
-4.0,6.0,-3.0,100,1.0,1.0
-3.0,6.0,-3.0,100,1.0,1.0
-2.0,6.0,-3.0,100,1.0,0.966
-1.0,6.0,-3.0,100,0.957,0.1265
-5.0,7.0,-3.0,100,1.0,1.0
-4.0,7.0,-3.0,100,1.0,1.0
-3.0,7.0,-3.0,100,1.0,1.0
-2.0,7.0,-3.0,100,1.0,0.921
-1.0,7.0,-3.0,100,0.919,0.087
-5.0,8.0,-3.0,100,1.0,1.0
-4.0,8.0,-3.0,100,1.0,1.0
-3.0,8.0,-3.0,100,1.0,1.0
-2.0,8.0,-3.0,100,1.0,0.8665
-1.0,8.0,-3.0,100,0.858,0.064
-5.0,4.0,-2.0,100,1.0,1.0
-4.0,4.0,-2.0,100,1.0,1.0
-3.0,4.0,-2.0,100,1.0,1.0
-2.0,4.0,-2.0,100,1.0,0.973
-1.0,4.0,-2.0,100,0.965,0.1165
-5.0,5.0,-2.0,100,1.0,1.0
-4.0,5.0,-2.0,100,1.0,1.0
-3.0,5.0,-2.0,100,1.0,1.0
-2.0,5.0,-2.0,100,1.0,0.911
-1.0,5.0,-2.0,100,0.9105,0.055
-5.0,6.0,-2.0,100,1.0,1.0
-4.0,6.0,-2.0,100,1.0,1.0
-3.0,6.0,-2.0,100,1.0,0.9995
-2.0,6.0,-2.0,100,1.0,0.813
-1.0,6.0,-2.0,100,0.812,0.0555
-5.0,7.0,-2.0,100,1.0,1.0
-4.0,7.0,-2.0,100,1.0,1.0
-3.0,7.0,-2.0,100,1.0,0.998
-2.0,7.0,-2.0,100,0.9995,0.6555
-1.0,7.0,-2.0,100,0.6475,0.0785
-5.0,8.0,-2.0,100,1.0,1.0
-4.0,8.0,-2.0,100,1.0,1.0
-3.0,8.0,-2.0,100,1.0,0.992
-2.0,8.0,-2.0,100,0.9915,0.512
-1.0,8.0,-2.0,100,0.501,0.1355
-5.0,4.0,-1.0,100,1.0,1.0
-4.0,4.0,-1.0,100,1.0,1.0
-3.0,4.0,-1.0,100,1.0,1.0
-2.0,4.0,-1.0,100,1.0,0.765
-1.0,4.0,-1.0,100,0.772,0.088
-5.0,5.0,-1.0,100,1.0,1.0
-4.0,5.0,-1.0,100,1.0,1.0
-3.0,5.0,-1.0,100,1.0,0.9985
-2.0,5.0,-1.0,100,0.9955,0.463
-1.0,5.0,-1.0,100,0.457,0.276
-5.0,6.0,-1.0,100,1.0,1.0
-4.0,6.0,-1.0,100,1.0,1.0
-3.0,6.0,-1.0,100,1.0,0.9615
-2.0,6.0,-1.0,100,0.967,0.177
-1.0,6.0,-1.0,100,0.191,0.5255
-5.0,7.0,-1.0,100,1.0,1.0
-4.0,7.0,-1.0,100,1.0,1.0
-3.0,7.0,-1.0,100,1.0,0.824
-2.0,7.0,-1.0,100,0.831,0.0655
-1.0,7.0,-1.0,100,0.0785,0.723
-5.0,8.0,-1.0,100,1.0,1.0
-4.0,8.0,-1.0,100,1.0,0.9915
-3.0,8.0,-1.0,100,0.99,0.565
-2.0,8.0,-1.0,100,0.575,0.057
-1.0,8.0,-1.0,100,0.0625,0.8595
-5.0,4.0,0.0,100,1.0,1.0
-4.0,4.0,0.0,100,1.0,1.0
-3.0,4.0,0.0,100,1.0,0.922
-2.0,4.0,0.0,100,0.926,0.0585
-1.0,4.0,0.0,100,0.05,0.921
-5.0,5.0,0.0,100,1.0,1.0
-4.0,5.0,0.0,100,1.0,0.999
-3.0,5.0,0.0,100,0.999,0.347
-2.0,5.0,0.0,100,0.331,0.37
-1.0,5.0,0.0,100,0.33,0.9985
-5.0,6.0,0.0,100,1.0,1.0
-4.0,6.0,0.0,100,1.0,0.8125
-3.0,6.0,0.0,100,0.8125,0.0465
-2.0,6.0,0.0,100,0.0565,0.824
-1.0,6.0,0.0,100,0.84,1.0
-5.0,7.0,0.0,100,1.0,0.9835
-4.0,7.0,0.0,100,0.98,0.275
-3.0,7.0,0.0,100,0.2785,0.2525
-2.0,7.0,0.0,100,0.2705,0.9755
-1.0,7.0,0.0,100,0.981,1.0
-5.0,8.0,0.0,100,0.999,0.7175
-4.0,8.0,0.0,100,0.7015,0.0525
-3.0,8.0,0.0,100,0.053,0.6925
-2.0,8.0,0.0,100,0.697,0.9985
-1.0,8.0,0.0,100,0.9985,1.0
-5.0,4.0,1.0,100,1.0,1.0
-4.0,4.0,1.0,100,1.0,0.9755
-3.0,4.0,1.0,100,0.979,0.0935
-2.0,4.0,1.0,100,0.094,0.7745
-1.0,4.0,1.0,100,0.782,1.0
-5.0,5.0,1.0,100,1.0,0.9975
-4.0,5.0,1.0,100,0.9955,0.272
-3.0,5.0,1.0,100,0.268,0.437
-2.0,5.0,1.0,100,0.4545,0.9965
-1.0,5.0,1.0,100,0.998,1.0
-5.0,6.0,1.0,100,0.998,0.5125
-4.0,6.0,1.0,100,0.509,0.1845
-3.0,6.0,1.0,100,0.158,0.9615
-2.0,6.0,1.0,100,0.9625,1.0
-1.0,6.0,1.0,100,1.0,1.0
-5.0,7.0,1.0,100,0.738,0.061
-4.0,7.0,1.0,100,0.0595,0.817
-3.0,7.0,1.0,100,0.8345,1.0
-2.0,7.0,1.0,100,0.999,1.0
-1.0,7.0,1.0,100,1.0,1.0
-5.0,8.0,1.0,100,0.055,0.565
-4.0,8.0,1.0,100,0.569,0.9915
-3.0,8.0,1.0,100,0.987,1.0
-2.0,8.0,1.0,100,1.0,1.0
-1.0,8.0,1.0,100,1.0,1.0
-5.0,4.0,2.0,100,1.0,1.0
-4.0,4.0,2.0,100,1.0,0.797
-3.0,4.0,2.0,100,0.7995,0.1145
-2.0,4.0,2.0,100,0.114,0.964
-1.0,4.0,2.0,100,0.9665,1.0
-5.0,5.0,2.0,100,1.0,0.879
-4.0,5.0,2.0,100,0.874,0.067
-3.0,5.0,2.0,100,0.0585,0.919
-2.0,5.0,2.0,100,0.901,1.0
-1.0,5.0,2.0,100,1.0,1.0
-5.0,6.0,2.0,100,0.9405,0.0615
-4.0,6.0,2.0,100,0.05,0.824
-3.0,6.0,2.0,100,0.8005,1.0
-2.0,6.0,2.0,100,1.0,1.0
-1.0,6.0,2.0,100,1.0,1.0
-5.0,7.0,2.0,100,0.092,0.6635
-4.0,7.0,2.0,100,0.6535,0.999
-3.0,7.0,2.0,100,1.0,1.0
-2.0,7.0,2.0,100,1.0,1.0
-1.0,7.0,2.0,100,1.0,1.0
-5.0,8.0,2.0,100,0.5285,0.9935
-4.0,8.0,2.0,100,0.9925,1.0
-3.0,8.0,2.0,100,1.0,1.0
-2.0,8.0,2.0,100,1.0,1.0
-1.0,8.0,2.0,100,1.0,1.0
-5.0,4.0,3.0,100,1.0,1.0
-4.0,4.0,3.0,100,0.9995,0.553
-3.0,4.0,3.0,100,0.5555,0.2865
-2.0,4.0,3.0,100,0.2795,0.992
-1.0,4.0,3.0,100,0.991,1.0
-5.0,5.0,3.0,100,1.0,0.6455
-4.0,5.0,3.0,100,0.668,0.19
-3.0,5.0,3.0,100,0.1825,0.9815
-2.0,5.0,3.0,100,0.9785,1.0
-1.0,5.0,3.0,100,1.0,1.0
-5.0,6.0,3.0,100,0.731,0.123
-4.0,6.0,3.0,100,0.1275,0.957
-3.0,6.0,3.0,100,0.952,1.0
-2.0,6.0,3.0,100,1.0,1.0
-1.0,6.0,3.0,100,1.0,1.0
-5.0,7.0,3.0,100,0.07,0.918
-4.0,7.0,3.0,100,0.9195,1.0
-3.0,7.0,3.0,100,1.0,1.0
-2.0,7.0,3.0,100,1.0,1.0
-1.0,7.0,3.0,100,1.0,1.0
-5.0,8.0,3.0,100,0.8785,0.9995
-4.0,8.0,3.0,100,1.0,1.0
-3.0,8.0,3.0,100,1.0,1.0
-2.0,8.0,3.0,100,1.0,1.0
-1.0,8.0,3.0,100,1.0,1.0
